日期,最高温,最低温,降水量,风速,风向,天气代码
2021-10-06,28.0,19.8,0.0,22.1,335,2
2021-10-07,24.2,16.9,0.4,24.0,344,51
2021-10-08,23.9,17.6,0.0,21.2,346,3
2021-10-09,21.5,18.8,11.6,19.2,340,55
2021-10-10,20.5,15.5,8.3,27.1,344,55
2021-10-11,19.7,14.7,0.0,27.0,347,3
2021-10-12,22.5,15.3,0.0,28.6,353,3
2021-10-13,21.6,16.6,6.1,25.0,345,61
2021-10-14,21.4,17.6,0.3,22.4,334,51
2021-10-15,17.3,15.3,7.4,25.8,346,61
2021-10-16,16.2,13.6,7.7,26.3,353,53
2021-10-17,15.0,12.4,2.0,19.2,1,53
2021-10-18,15.9,11.2,2.7,9.5,20,61
2021-10-19,15.7,13.7,6.2,9.2,18,55
2021-10-20,14.6,12.4,17.8,17.2,354,63
2021-10-21,14.3,11.3,1.5,17.1,350,51
2021-10-22,17.1,12.0,0.2,13.4,355,51
2021-10-23,18.9,9.5,0.0,14.3,355,2
2021-10-24,19.9,10.0,0.0,14.2,338,2
2021-10-25,21.3,9.8,0.0,9.0,354,2
2021-10-26,21.4,11.5,0.0,14.1,357,3
2021-10-27,22.5,13.8,0.0,13.8,334,3
2021-10-28,22.5,15.3,1.6,10.8,329,53
2021-10-29,18.7,15.1,0.3,10.0,319,51
2021-10-30,22.4,14.8,0.0,10.1,342,3
2021-10-31,19.7,13.7,4.2,7.8,354,61
2021-11-01,21.2,15.6,5.9,12.1,352,61
2021-11-02,21.2,15.5,1.7,10.5,327,53
2021-11-03,20.8,15.5,1.4,4.7,340,53
2021-11-04,20.4,16.7,5.1,10.2,112,61
2021-11-05,21.1,16.3,32.1,12.8,32,63
2021-11-06,22.6,17.4,2.2,13.9,351,53
2021-11-07,18.8,7.0,17.4,37.1,355,63
2021-11-08,12.5,5.2,0.0,18.5,359,3
2021-11-09,15.7,5.3,0.0,10.7,329,3
2021-11-10,17.6,5.2,0.0,9.7,216,3
2021-11-11,19.1,6.9,0.0,14.7,20,3
2021-11-12,18.5,10.8,0.0,13.4,336,3
2021-11-13,18.4,9.2,0.0,9.7,329,3
2021-11-14,19.7,8.8,0.0,8.1,79,3
2021-11-15,19.0,9.6,0.0,10.4,133,3
2021-11-16,19.1,10.4,1.1,13.6,320,55
2021-11-17,15.3,10.9,3.4,14.3,321,55
2021-11-18,19.2,9.0,0.0,8.2,189,0
2021-11-19,20.7,8.7,0.0,8.8,136,3
2021-11-20,17.4,13.4,4.7,15.0,16,61
2021-11-21,14.6,8.7,13.1,26.1,350,61
2021-11-22,12.5,7.3,1.2,19.2,358,55
2021-11-23,13.4,6.1,0.0,10.3,341,3
2021-11-24,16.2,2.6,0.0,10.8,169,3
2021-11-25,18.3,4.6,0.0,9.5,142,3
2021-11-26,19.4,6.1,0.0,10.9,360,2
2021-11-27,17.8,6.5,0.0,12.2,344,0
2021-11-28,16.8,6.4,0.0,11.3,327,3
2021-11-29,17.4,9.0,0.0,25.5,331,3
2021-11-30,14.8,7.1,0.7,26.9,356,51
2021-12-01,14.4,3.3,0.0,12.1,12,1
2021-12-02,14.7,3.4,0.0,7.9,342,3
2021-12-03,16.9,5.1,0.0,10.1,5,3
2021-12-04,16.4,4.1,0.0,8.7,9,3
2021-12-05,17.6,4.8,0.0,9.5,352,3
2021-12-06,18.3,4.7,0.0,11.6,360,0
2021-12-07,15.9,5.7,0.0,15.6,333,3
2021-12-08,16.1,7.5,0.0,12.4,325,3
2021-12-09,16.7,8.7,0.1,13.9,327,51
2021-12-10,19.6,6.5,0.0,11.8,356,2
2021-12-11,14.8,9.5,0.1,22.1,332,51
2021-12-12,12.7,9.0,2.9,22.6,351,53
2021-12-13,12.7,8.1,0.0,10.2,342,3
2021-12-14,14.5,8.4,0.8,9.4,145,51
2021-12-15,18.1,10.3,0.1,14.6,23,51
2021-12-16,14.1,10.4,0.2,21.3,344,51
2021-12-17,13.4,7.0,0.0,21.5,1,3
2021-12-18,11.8,2.7,0.0,15.0,342,3
2021-12-19,13.3,2.8,0.0,7.9,341,3
2021-12-20,14.4,3.0,0.0,12.3,161,3
2021-12-21,17.8,6.2,0.0,11.0,329,3
2021-12-22,17.9,5.0,0.0,11.1,356,3
2021-12-23,17.8,5.0,0.0,10.3,108,0
2021-12-24,11.3,6.5,1.7,22.5,346,51
2021-12-25,5.9,2.4,2.5,23.1,346,53
2021-12-26,2.1,-1.8,9.7,23.3,352,75
2021-12-27,2.8,-2.0,0.8,14.4,349,73
2021-12-28,6.7,0.5,0.8,8.3,218,71
2021-12-29,11.1,3.0,0.2,10.1,328,51
2021-12-30,12.6,0.4,0.0,11.4,326,3
2021-12-31,11.7,1.0,0.0,9.4,320,3
2022-01-01,11.5,3.7,0.0,10.2,291,3
2022-01-02,13.5,0.8,0.0,8.9,88,3
2022-01-03,13.9,3.9,0.6,10.0,42,53
2022-01-04,13.8,8.0,2.6,17.7,332,53
2022-01-05,9.2,6.0,6.6,21.7,341,61
2022-01-06,6.9,5.4,8.4,17.3,349,61
2022-01-07,9.0,5.5,7.0,14.1,340,63
2022-01-08,6.7,5.5,12.1,14.0,330,61
2022-01-09,9.9,3.8,0.0,12.3,330,3
2022-01-10,8.0,5.4,6.9,15.3,341,61
2022-01-11,10.9,3.5,0.0,13.2,347,3
2022-01-12,12.2,1.1,0.0,8.4,43,3
2022-01-13,12.2,3.8,0.0,13.2,344,3
2022-01-14,6.7,2.7,0.8,10.7,84,53
2022-01-15,7.4,2.3,0.6,10.9,337,51
2022-01-16,9.3,5.3,8.8,13.7,332,53
2022-01-17,11.0,6.4,11.1,10.4,339,55
2022-01-18,13.3,4.0,0.0,11.8,317,3
2022-01-19,14.6,1.5,0.0,9.2,139,3
2022-01-20,13.4,3.4,1.5,12.3,353,53
2022-01-21,12.4,6.6,3.5,17.5,333,55
2022-01-22,8.4,4.9,19.7,18.3,331,61
2022-01-23,5.2,3.2,14.2,22.1,330,63
2022-01-24,4.3,3.0,5.0,18.5,337,61
2022-01-25,5.4,3.6,4.0,15.4,340,61
2022-01-26,5.6,3.7,10.3,17.1,334,63
2022-01-27,5.4,3.2,11.9,22.9,341,61
2022-01-28,3.4,1.2,27.8,19.9,340,75
2022-01-29,3.3,0.9,10.5,19.7,340,75
2022-01-30,6.5,0.4,0.0,13.7,354,3
2022-01-31,4.9,1.6,4.8,12.3,345,71
2022-02-01,7.2,3.0,3.6,11.3,359,53
2022-02-02,4.4,1.4,7.1,20.7,345,73
2022-02-03,6.5,1.7,0.3,13.2,348,51
2022-02-04,8.3,0.6,0.0,11.1,344,3
2022-02-05,9.9,-1.1,0.0,11.3,53,3
2022-02-06,8.1,3.8,6.9,12.0,38,61
2022-02-07,4.7,0.7,16.3,21.5,351,75
2022-02-08,4.7,-0.1,2.1,14.1,355,73
2022-02-09,5.7,0.9,5.9,14.1,326,75
2022-02-10,7.3,2.7,7.3,13.3,11,61
2022-02-11,7.8,3.7,0.6,16.1,331,51
2022-02-12,6.7,2.0,0.1,15.3,343,51
2022-02-13,8.7,4.0,5.4,12.3,339,73
2022-02-14,10.5,0.7,0.0,8.2,9,3
2022-02-15,11.2,1.9,0.1,13.4,338,51
2022-02-16,9.7,2.8,4.3,9.8,1,55
2022-02-17,7.7,3.4,14.7,20.3,351,63
2022-02-18,3.3,1.1,12.4,22.3,348,75
2022-02-19,6.0,1.1,3.5,23.5,358,73
2022-02-20,7.1,1.5,0.0,13.3,10,3
2022-02-21,5.0,1.7,2.1,7.7,2,73
2022-02-22,3.4,1.1,23.7,13.5,353,75
2022-02-23,8.6,0.8,1.5,14.6,5,73
2022-02-24,11.0,0.4,0.0,8.4,278,3
2022-02-25,13.1,0.6,0.0,8.4,180,3
2022-02-26,15.1,3.7,0.0,6.7,187,3
2022-02-27,18.8,3.1,0.0,14.0,129,3
2022-02-28,21.5,7.8,0.3,15.7,304,51
2022-03-01,13.7,8.1,1.2,19.7,338,51
2022-03-02,17.5,5.5,0.0,9.4,327,3
2022-03-03,20.6,11.5,0.9,16.1,13,53
2022-03-04,18.1,9.8,2.0,13.1,322,51
2022-03-05,17.3,10.7,3.5,12.1,327,53
2022-03-06,14.0,10.4,8.7,20.1,342,55
2022-03-07,17.4,8.0,0.0,19.2,322,3
2022-03-08,20.6,7.0,0.0,20.4,160,0
2022-03-09,23.4,9.6,1.0,15.0,155,53
2022-03-10,24.9,11.5,0.0,11.3,161,3
2022-03-11,25.9,14.5,0.0,11.6,161,3
2022-03-12,26.8,16.8,0.5,21.7,174,51
2022-03-13,27.8,17.6,0.2,12.0,183,51
2022-03-14,25.4,18.7,3.7,15.3,219,61
2022-03-15,26.1,16.7,0.0,9.2,152,3
2022-03-16,27.6,18.5,1.1,27.0,158,53
2022-03-17,21.4,11.7,13.4,30.4,339,65
2022-03-18,14.8,9.3,0.0,20.4,354,3
2022-03-19,21.7,9.7,0.9,21.7,3,53
2022-03-20,14.0,8.0,10.6,22.7,337,61
2022-03-21,9.4,7.8,6.9,23.2,341,55
2022-03-22,11.7,7.2,19.0,20.5,344,63
2022-03-23,12.8,7.4,0.2,17.3,326,51
2022-03-24,14.9,7.0,13.0,20.8,163,63
2022-03-25,18.2,13.6,4.2,22.3,335,61
2022-03-26,15.0,10.6,7.9,20.2,346,63
2022-03-27,16.9,10.9,3.1,14.2,332,53
2022-03-28,20.7,7.4,0.0,15.6,134,3
2022-03-29,22.0,10.2,0.3,17.0,158,51
2022-03-30,21.3,14.9,19.2,13.2,30,63
2022-03-31,16.5,12.5,17.1,23.6,2,63
2022-04-01,15.1,10.9,2.4,17.2,7,53
2022-04-02,18.9,9.4,0.0,5.8,254,3
2022-04-03,21.8,7.7,0.0,11.9,92,3
2022-04-04,22.4,11.0,0.0,11.3,101,3
2022-04-05,21.9,13.8,2.0,11.3,319,55
2022-04-06,24.4,11.6,0.0,8.1,107,3
2022-04-07,27.0,12.9,0.0,8.2,139,3
2022-04-08,28.1,12.0,0.0,10.8,169,2
2022-04-09,28.7,12.7,0.0,14.1,172,3
2022-04-10,29.3,18.8,0.0,14.4,183,3
2022-04-11,30.3,18.5,0.0,14.9,178,2
2022-04-12,30.7,16.6,36.2,19.4,182,65
2022-04-13,20.7,14.9,17.8,31.6,341,63
2022-04-14,20.3,12.7,0.5,20.8,348,51
2022-04-15,14.2,12.1,25.8,19.8,359,63
2022-04-16,14.0,11.1,25.3,18.8,1,63
2022-04-17,14.3,11.1,3.7,9.8,333,55
2022-04-18,20.4,10.6,0.2,9.3,338,51
2022-04-19,22.2,11.2,0.0,7.3,169,3
2022-04-20,21.4,11.7,0.0,15.1,175,3
2022-04-21,26.5,13.6,0.0,19.3,177,3
2022-04-22,25.1,19.0,20.9,25.2,177,65
2022-04-23,27.7,19.2,6.1,10.0,315,63
2022-04-24,29.1,19.1,3.7,20.3,151,61
2022-04-25,27.9,22.1,18.4,21.7,193,63
2022-04-26,28.0,21.2,1.1,13.6,338,55
2022-04-27,27.9,19.7,17.7,8.1,29,63
2022-04-28,29.2,13.1,12.0,39.0,353,63
2022-04-29,17.6,12.6,0.5,25.9,352,51
2022-04-30,16.5,14.0,16.1,21.7,344,63
2022-05-01,18.5,12.6,0.1,17.4,352,51
2022-05-02,23.1,11.4,0.0,8.7,328,3
2022-05-03,25.6,12.8,0.0,9.4,31,3
2022-05-04,27.5,13.3,0.0,10.0,157,3
2022-05-05,28.4,13.7,0.0,11.6,167,3
2022-05-06,30.6,15.7,0.0,14.8,165,3
2022-05-07,28.3,20.6,22.6,12.7,92,63
2022-05-08,26.3,20.1,25.5,9.6,83,65
2022-05-09,27.2,19.8,4.1,11.6,25,55
2022-05-10,21.2,15.2,60.2,25.7,341,65
2022-05-11,23.2,18.1,1.9,17.3,356,51
2022-05-12,23.5,19.0,4.7,12.6,339,53
2022-05-13,23.5,19.4,3.5,20.3,354,55
2022-05-14,22.0,15.6,6.2,20.3,354,61
2022-05-15,17.5,14.6,8.9,20.2,342,61
2022-05-16,23.2,12.9,0.0,9.9,330,3
2022-05-17,24.7,13.0,0.0,8.0,185,3
2022-05-18,24.5,17.2,0.7,11.2,75,51
2022-05-19,22.1,17.5,2.4,14.0,342,53
2022-05-20,22.7,16.7,5.9,13.8,331,61
2022-05-21,24.8,14.9,0.0,6.6,346,3
2022-05-22,21.6,18.6,5.5,5.8,263,53
2022-05-23,24.2,17.9,0.9,8.6,155,51
2022-05-24,24.9,18.9,5.1,7.7,140,61
2022-05-25,28.4,19.0,1.4,9.0,131,53
2022-05-26,25.3,20.6,12.2,16.4,8,63
2022-05-27,21.6,19.9,39.1,12.8,18,65
2022-05-28,26.7,19.7,3.1,11.9,198,61
2022-05-29,30.3,22.3,73.0,22.9,188,65
2022-05-30,28.8,23.1,23.3,12.0,265,65
2022-05-31,27.8,22.4,2.0,15.9,177,53
2022-06-01,30.5,22.7,16.0,18.3,162,65
2022-06-02,30.3,23.3,46.6,15.9,161,65
2022-06-03,29.8,23.9,40.3,16.5,151,65
2022-06-04,30.5,24.4,34.6,22.0,166,65
2022-06-05,28.8,23.7,10.8,22.9,325,63
2022-06-06,31.0,22.3,0.9,11.0,335,53
2022-06-07,32.4,23.5,0.0,10.7,60,3
2022-06-08,32.9,23.7,0.0,12.6,88,3
2022-06-09,30.7,22.8,1.8,10.8,69,53
2022-06-10,29.3,23.4,9.4,12.6,322,63
2022-06-11,28.4,23.1,7.3,15.1,93,61
2022-06-12,27.1,22.1,4.3,10.6,24,61
2022-06-13,28.1,21.5,2.5,13.0,348,53
2022-06-14,29.4,20.2,0.0,13.0,182,3
2022-06-15,31.5,21.3,0.0,13.0,173,3
2022-06-16,28.8,23.3,0.0,13.4,171,3
2022-06-17,28.3,22.8,4.2,14.1,150,63
2022-06-18,28.8,23.0,34.0,17.2,142,65
2022-06-19,28.0,23.6,79.1,19.5,157,65
2022-06-20,29.9,23.3,36.3,14.0,169,65
2022-06-21,30.7,23.8,1.1,16.7,177,51
2022-06-22,31.5,24.6,2.4,24.8,179,61
2022-06-23,32.6,26.3,0.0,25.0,192,3
2022-06-24,31.5,27.2,0.2,19.4,194,51
2022-06-25,33.3,26.4,0.0,22.7,184,3
2022-06-26,33.6,26.2,0.0,26.6,181,3
2022-06-27,33.6,27.1,0.0,30.0,187,3
2022-06-28,30.8,26.3,16.0,21.9,198,63
2022-06-29,31.3,25.3,8.6,14.9,161,63
2022-06-30,31.4,25.4,1.3,13.5,134,55
2022-07-01,32.7,25.3,6.9,10.5,74,63
2022-07-02,32.5,26.4,3.3,18.7,72,61
2022-07-03,29.1,26.4,6.6,16.4,87,61
2022-07-04,30.5,25.2,67.8,13.7,92,65
2022-07-05,30.8,25.1,37.4,18.4,258,65
2022-07-06,30.9,23.6,29.0,11.7,115,65
2022-07-07,30.3,24.2,15.4,15.4,152,65
2022-07-08,31.8,25.4,1.9,18.0,187,55
2022-07-09,33.5,26.1,0.0,19.5,186,3
2022-07-10,34.1,26.8,0.0,20.5,184,3
2022-07-11,34.1,27.7,0.0,20.4,178,3
2022-07-12,34.6,27.5,0.0,21.3,180,3
2022-07-13,34.8,27.1,0.0,16.9,183,3
2022-07-14,35.4,27.0,0.0,15.1,181,3
2022-07-15,35.7,27.3,0.0,19.7,191,3
2022-07-16,35.6,28.2,0.0,20.5,198,3
2022-07-17,32.7,26.8,38.8,16.1,202,65
2022-07-18,32.4,25.7,21.3,10.6,163,63
2022-07-19,31.3,25.3,18.0,15.2,168,63
2022-07-20,33.8,26.8,6.9,21.4,189,63
2022-07-21,33.3,27.1,0.1,14.8,187,51
2022-07-22,34.6,27.1,0.0,18.4,194,3
2022-07-23,34.3,27.1,0.2,16.3,226,51
2022-07-24,34.6,27.0,0.1,7.5,193,51
2022-07-25,35.8,27.4,0.0,13.6,174,2
2022-07-26,36.3,28.3,0.0,14.2,184,3
2022-07-27,36.3,27.5,0.0,13.1,184,3
2022-07-28,34.0,26.5,5.4,13.1,319,63
2022-07-29,31.9,25.7,14.9,11.1,330,63
2022-07-30,32.4,25.4,0.1,9.4,333,51
2022-07-31,33.2,25.5,0.3,6.6,337,51
2022-08-01,34.5,25.7,0.2,7.2,150,51
2022-08-02,35.9,25.9,0.0,7.9,145,3
2022-08-03,36.2,27.1,0.3,15.7,114,51
2022-08-04,36.3,27.6,0.4,11.0,121,51
2022-08-05,35.5,27.6,0.9,15.3,149,51
2022-08-06,35.4,27.4,0.0,17.5,178,3
2022-08-07,36.6,28.0,0.0,17.2,193,3
2022-08-08,37.8,28.3,0.0,18.2,179,3
2022-08-09,37.5,28.9,0.0,15.5,173,3
2022-08-10,37.5,27.5,0.0,15.5,156,3
2022-08-11,37.4,27.9,0.0,20.5,175,3
2022-08-12,37.6,28.5,0.0,17.7,181,3
2022-08-13,37.0,28.8,0.0,19.9,179,3
2022-08-14,37.4,28.6,0.0,17.5,187,3
2022-08-15,38.5,29.5,0.0,15.3,188,3
2022-08-16,38.3,30.2,0.0,14.7,177,3
2022-08-17,38.9,29.8,0.0,11.3,171,3
2022-08-18,39.1,29.8,0.0,15.2,169,3
2022-08-19,38.7,30.7,0.0,17.4,181,3
2022-08-20,38.8,31.3,0.0,16.8,160,3
2022-08-21,38.2,29.4,0.0,22.7,184,3
2022-08-22,39.1,30.0,0.0,19.2,196,3
2022-08-23,39.0,29.7,0.0,16.9,115,3
2022-08-24,36.7,27.9,3.3,20.8,353,63
2022-08-25,38.0,29.0,0.4,11.9,39,51
2022-08-26,37.7,28.5,0.0,18.3,191,3
2022-08-27,37.8,30.0,0.3,14.7,200,51
2022-08-28,37.3,28.5,0.3,16.1,73,51
2022-08-29,33.5,25.6,0.1,17.6,333,51
2022-08-30,28.9,22.7,0.0,21.9,338,3
2022-08-31,29.7,21.6,0.0,22.7,338,3
2022-09-01,27.9,21.4,0.0,16.6,340,3
2022-09-02,30.3,22.9,0.1,19.5,350,51
2022-09-03,30.2,21.5,0.0,22.6,348,3
2022-09-04,30.8,22.5,0.0,24.7,339,3
2022-09-05,33.4,22.7,0.0,18.4,337,3
2022-09-06,35.3,22.9,0.0,9.0,17,1
2022-09-07,35.2,24.4,0.1,15.5,98,51
2022-09-08,36.4,24.5,0.0,16.9,41,3
2022-09-09,35.5,24.0,0.0,12.6,356,3
2022-09-10,33.8,23.9,0.0,12.8,335,3
2022-09-11,34.8,24.4,0.0,10.1,346,3
2022-09-12,34.0,24.0,0.0,15.5,345,1
2022-09-13,34.0,24.1,0.0,21.3,347,0
2022-09-14,31.9,22.8,0.0,20.4,344,1
2022-09-15,31.4,22.3,0.0,17.9,331,0
2022-09-16,32.8,21.2,0.0,10.2,326,0
2022-09-17,35.1,23.9,0.0,13.8,347,1
2022-09-18,36.2,25.3,0.0,21.7,0,2
2022-09-19,34.8,23.9,0.0,19.1,13,3
2022-09-20,31.4,23.1,0.1,24.2,4,51
2022-09-21,27.3,18.7,0.8,22.9,334,53
2022-09-22,26.5,18.5,0.3,17.1,334,51
2022-09-23,27.6,18.8,0.0,21.2,346,3
2022-09-24,28.6,18.7,0.0,20.5,335,3
2022-09-25,28.5,18.3,0.0,18.0,333,3
2022-09-26,30.4,20.0,0.0,16.6,332,3
2022-09-27,32.5,21.6,0.0,20.0,336,0
2022-09-28,28.9,21.5,0.0,20.3,336,3
2022-09-29,31.9,20.5,0.0,10.6,336,3
2022-09-30,36.1,23.4,0.0,9.3,147,3
2022-10-01,36.2,27.0,0.0,18.8,177,1
2022-10-02,36.9,28.3,0.0,21.6,194,1
2022-10-03,37.3,28.1,0.0,17.7,192,0
2022-10-04,29.6,18.5,0.0,30.2,342,3
2022-10-05,21.0,14.9,0.0,25.9,341,3
2022-10-06,15.1,12.9,0.9,22.3,345,51
2022-10-07,15.8,11.9,2.2,19.5,344,53
2022-10-08,18.7,13.2,1.7,14.6,338,55
2022-10-09,19.5,14.0,1.5,25.6,348,53
2022-10-10,20.5,10.9,0.0,18.0,1,3
2022-10-11,23.2,11.0,0.0,14.3,13,3
2022-10-12,24.6,10.1,0.0,16.6,6,0
2022-10-13,26.0,11.4,0.0,21.4,337,0
2022-10-14,25.5,14.1,0.0,19.5,334,0
2022-10-15,26.8,14.9,0.0,20.2,338,0
2022-10-16,28.2,16.7,0.0,24.6,350,0
2022-10-17,27.8,19.1,0.0,28.8,12,1
2022-10-18,25.0,15.0,0.0,21.8,19,1
2022-10-19,25.6,12.2,0.0,10.4,55,3
2022-10-20,27.0,11.9,0.0,9.1,92,3
2022-10-21,28.5,17.0,0.0,17.9,345,3
2022-10-22,29.1,17.8,0.0,20.0,341,2
2022-10-23,30.0,17.5,0.0,14.8,1,1
2022-10-24,28.5,17.0,0.0,14.8,56,3
2022-10-25,28.2,16.5,0.0,10.5,30,3
2022-10-26,24.8,15.9,0.0,21.9,344,3
2022-10-27,16.5,14.2,8.2,19.9,347,61
2022-10-28,20.3,13.5,0.4,14.8,341,51
2022-10-29,21.8,16.3,1.5,17.3,342,53
2022-10-30,23.3,14.9,0.0,20.0,334,3
2022-10-31,22.7,14.2,0.0,23.8,348,0
2022-11-01,24.7,13.8,0.0,15.2,4,3
2022-11-02,24.9,12.6,0.0,12.9,351,1
2022-11-03,25.2,13.5,0.0,16.3,352,3
2022-11-04,23.9,14.6,0.0,19.4,357,3
2022-11-05,21.8,11.6,0.0,9.7,8,3
2022-11-06,22.9,12.0,0.0,7.5,114,3
2022-11-07,25.3,12.2,0.0,10.8,80,0
2022-11-08,26.5,13.2,0.0,9.0,44,1
2022-11-09,28.1,14.9,0.0,10.5,75,1
2022-11-10,30.0,17.4,0.0,11.2,125,3
2022-11-11,32.1,20.6,0.2,15.6,161,51
2022-11-12,28.3,16.1,0.0,26.1,336,3
2022-11-13,16.5,11.9,1.2,23.5,351,55
2022-11-14,15.5,9.8,10.7,18.7,340,61
2022-11-15,17.3,8.7,1.2,11.6,348,53
2022-11-16,16.2,11.8,14.1,10.0,347,65
2022-11-17,18.6,10.7,0.1,9.2,342,51
2022-11-18,16.9,13.6,5.9,14.7,347,61
2022-11-19,18.9,12.3,0.0,15.3,331,3
2022-11-20,20.9,11.2,0.0,11.6,161,3
2022-11-21,24.1,15.9,13.6,17.8,80,63
2022-11-22,18.8,14.5,0.1,22.8,346,51
2022-11-23,19.5,12.4,0.0,16.8,347,3
2022-11-24,19.3,13.3,0.0,13.3,330,3
2022-11-25,21.8,12.8,0.0,6.8,223,3
2022-11-26,22.0,12.4,0.0,10.2,158,3
2022-11-27,23.1,14.8,10.0,15.9,131,63
2022-11-28,23.2,13.1,5.9,27.8,331,61
2022-11-29,12.6,5.2,5.6,28.6,350,61
2022-11-30,4.7,1.0,9.0,26.9,353,73
2022-12-01,2.4,-0.3,1.2,23.4,354,71
2022-12-02,7.2,-0.6,0.0,12.6,346,3
2022-12-03,7.0,2.0,1.1,16.3,349,51
2022-12-04,7.3,4.5,0.8,21.9,347,51
2022-12-05,7.1,3.5,0.0,21.5,346,3
2022-12-06,8.7,5.3,0.0,9.1,346,3
2022-12-07,10.8,6.2,0.0,10.9,337,3
2022-12-08,13.7,6.9,0.0,13.0,336,3
2022-12-09,14.6,6.4,0.0,14.5,344,3
2022-12-10,15.2,5.4,0.0,19.5,345,3
2022-12-11,9.1,4.2,0.0,21.7,342,2
2022-12-12,10.4,1.8,0.0,17.4,340,0
2022-12-13,12.9,0.5,0.0,13.0,354,0
2022-12-14,13.5,2.0,0.0,10.0,349,0
2022-12-15,12.4,2.0,0.0,11.2,72,3
2022-12-16,9.5,3.8,0.3,24.1,347,51
2022-12-17,8.4,1.5,0.0,23.9,2,3
2022-12-18,8.8,-2.6,0.0,9.8,323,3
2022-12-19,13.2,0.1,0.0,12.1,144,3
2022-12-20,11.7,4.1,0.0,19.2,1,3
2022-12-21,15.9,2.1,0.0,10.8,216,1
2022-12-22,16.2,2.1,0.0,17.2,7,3
2022-12-23,14.8,1.6,0.0,10.3,68,3
2022-12-24,15.4,2.1,0.0,11.0,61,0
2022-12-25,15.8,4.1,0.0,18.2,39,3
2022-12-26,10.0,4.3,0.0,21.7,329,3
2022-12-27,7.3,3.0,0.8,21.0,346,51
2022-12-28,4.8,2.5,8.6,18.0,355,53
2022-12-29,6.8,2.1,2.4,12.2,9,53
2022-12-30,10.8,-0.7,0.0,7.9,329,1
2022-12-31,11.2,-0.3,1.0,17.7,356,51
2023-01-01,10.9,3.5,0.0,16.1,334,3
2023-01-02,10.1,5.3,0.5,18.4,343,51
2023-01-03,12.5,2.6,0.0,10.9,345,3
2023-01-04,13.6,1.8,0.0,12.1,36,3
2023-01-05,14.1,7.2,0.0,14.5,331,3
2023-01-06,16.0,5.4,0.0,14.5,329,3
2023-01-07,18.3,2.6,0.0,9.9,169,0
2023-01-08,20.1,4.8,0.2,14.4,166,51
2023-01-09,19.9,7.3,0.0,14.7,341,0
2023-01-10,15.6,6.1,0.0,16.8,327,0
2023-01-11,18.2,4.7,0.0,13.8,163,3
2023-01-12,22.6,12.6,15.7,21.1,164,65
2023-01-13,24.0,10.1,3.1,25.8,300,61
2023-01-14,9.8,1.7,5.9,32.5,353,61
2023-01-15,2.2,-0.1,1.8,29.5,358,73
2023-01-16,5.2,-1.7,0.0,15.9,359,3
2023-01-17,7.3,-0.6,0.0,12.8,345,3
2023-01-18,9.4,-1.6,0.0,9.3,341,3
2023-01-19,12.1,3.1,0.0,9.8,351,3
2023-01-20,11.7,1.5,0.0,11.3,348,3
2023-01-21,11.1,4.7,0.4,14.5,14,51
2023-01-22,6.6,5.0,3.8,18.8,337,53
2023-01-23,8.1,5.3,0.6,19.4,345,51
2023-01-24,7.1,0.1,0.0,25.2,13,3
2023-01-25,7.8,-3.6,0.0,10.1,105,0
2023-01-26,9.3,-1.6,0.0,18.2,15,3
2023-01-27,10.1,0.4,0.0,22.0,357,3
2023-01-28,10.8,-2.4,0.0,10.1,348,0
2023-01-29,13.0,-0.6,0.0,10.2,145,0
2023-01-30,16.4,-1.5,0.0,13.0,158,0
2023-01-31,21.0,5.4,0.0,17.1,169,0
2023-02-01,19.3,8.6,0.0,20.3,323,3
2023-02-02,12.4,4.1,1.1,22.4,334,51
2023-02-03,5.3,2.8,10.2,13.7,336,61
2023-02-04,8.3,3.4,2.5,14.1,334,53
2023-02-05,8.1,2.6,6.4,9.4,322,61
2023-02-06,9.9,4.2,5.0,9.8,326,61
2023-02-07,9.9,4.5,1.2,11.0,329,53
2023-02-08,13.4,7.7,13.2,10.7,347,61
2023-02-09,10.8,7.2,11.0,22.2,339,63
2023-02-10,10.2,6.2,7.9,12.8,354,61
2023-02-11,11.9,6.0,9.0,15.0,343,63
2023-02-12,10.3,7.3,10.6,22.1,337,61
2023-02-13,7.4,4.5,5.4,27.4,350,61
2023-02-14,9.2,2.0,0.4,20.9,350,51
2023-02-15,11.2,0.3,0.0,12.1,357,3
2023-02-16,10.0,5.1,0.0,5.7,347,3
2023-02-17,16.9,4.4,0.0,11.6,155,3
2023-02-18,19.3,8.7,0.5,21.6,341,51
2023-02-19,16.5,8.8,0.0,19.1,342,3
2023-02-20,18.2,4.8,0.0,14.8,352,1
2023-02-21,16.3,5.5,0.0,19.6,358,3
2023-02-22,9.3,6.0,1.1,16.5,331,53
2023-02-23,7.2,5.8,3.7,14.8,336,53
2023-02-24,12.8,4.6,0.0,21.0,352,3
2023-02-25,15.4,3.5,0.0,16.9,17,3
2023-02-26,14.5,2.4,0.0,10.2,28,0
2023-02-27,16.9,2.2,0.0,9.2,118,3
2023-02-28,17.6,8.4,4.4,10.3,33,61
2023-03-01,19.6,8.1,0.0,21.7,333,3
2023-03-02,19.8,9.4,0.0,10.3,348,3
2023-03-03,17.1,9.5,1.1,8.1,258,51
2023-03-04,20.9,6.6,0.0,9.6,170,3
2023-03-05,22.8,6.7,0.0,11.2,169,2
2023-03-06,25.6,8.7,0.0,15.1,159,2
2023-03-07,26.4,14.2,0.7,12.5,191,53
2023-03-08,22.5,14.8,6.8,11.8,224,63
2023-03-09,23.5,13.8,0.0,8.5,160,3
2023-03-10,24.9,12.4,1.3,13.3,142,53
2023-03-11,24.1,15.2,14.4,15.3,336,63
2023-03-12,18.6,13.7,0.0,30.4,3,3
2023-03-13,18.5,9.1,0.0,14.8,305,3
2023-03-14,23.0,9.2,1.0,19.2,181,53
2023-03-15,25.0,15.4,0.6,11.0,95,51
2023-03-16,23.6,8.6,1.4,26.3,339,61
2023-03-17,9.7,6.2,11.9,24.7,346,61
2023-03-18,9.6,7.2,7.3,14.8,349,55
2023-03-19,10.8,7.5,21.1,13.8,333,63
2023-03-20,15.2,9.0,2.8,9.7,1,61
2023-03-21,15.0,10.4,7.4,15.5,340,61
2023-03-22,18.1,11.0,48.0,23.0,335,65
2023-03-23,18.3,12.9,17.8,13.8,348,63
2023-03-24,14.1,9.7,3.5,23.5,334,53
2023-03-25,13.5,8.9,3.5,18.9,343,61
2023-03-26,16.4,6.3,0.2,11.3,354,51
2023-03-27,15.3,10.0,3.5,9.2,320,61
2023-03-28,16.4,8.9,0.1,8.2,344,51
2023-03-29,15.9,10.9,7.1,9.6,336,61
2023-03-30,18.7,8.9,0.0,6.5,349,3
2023-03-31,21.3,13.3,0.2,7.9,97,51
2023-04-01,24.7,12.6,0.0,12.4,146,3
2023-04-02,26.6,16.2,23.7,24.9,137,65
2023-04-03,27.2,21.6,1.0,38.0,175,51
2023-04-04,20.8,13.8,45.6,22.6,337,65
2023-04-05,17.2,12.6,1.2,21.4,353,53
2023-04-06,16.3,11.7,11.7,19.7,352,63
2023-04-07,20.3,8.0,0.0,15.1,15,3
2023-04-08,21.3,10.8,0.0,12.8,28,3
2023-04-09,23.2,10.0,0.0,13.0,170,3
2023-04-10,23.9,16.0,0.0,18.7,175,3
2023-04-11,27.2,17.0,3.7,12.9,182,55
2023-04-12,26.5,18.0,1.0,7.4,350,51
2023-04-13,27.8,19.4,27.5,16.1,152,65
2023-04-14,24.0,17.6,11.5,22.3,347,63
2023-04-15,24.9,14.6,0.0,15.2,299,3
2023-04-16,29.0,15.9,0.0,17.1,180,0
2023-04-17,30.6,18.9,1.5,27.6,173,55
2023-04-18,26.1,20.7,41.7,19.7,150,65
2023-04-19,27.3,20.1,0.1,13.4,6,51
2023-04-20,28.4,19.2,0.6,8.6,1,51
2023-04-21,29.2,20.8,2.6,17.7,71,61
2023-04-22,22.0,11.1,18.8,26.7,336,65
2023-04-23,12.9,10.5,19.6,23.2,346,65
2023-04-24,15.2,10.3,2.5,21.2,343,53
2023-04-25,16.6,9.9,5.3,18.2,330,61
2023-04-26,21.6,8.1,0.0,9.3,145,3
2023-04-27,23.9,11.8,2.0,15.0,144,53
2023-04-28,23.4,16.2,11.0,28.2,17,61
2023-04-29,20.8,14.6,0.4,21.8,352,51
2023-04-30,23.8,8.3,0.0,8.8,172,3
2023-05-01,26.4,10.8,0.0,14.5,136,3
2023-05-02,27.6,18.3,2.3,22.3,160,53
2023-05-03,29.6,22.8,1.0,34.9,173,51
2023-05-04,30.2,22.4,26.9,27.7,181,65
2023-05-05,28.2,21.4,7.5,14.4,5,63
2023-05-06,21.8,16.5,25.3,25.6,346,63
2023-05-07,20.6,15.3,1.0,21.4,349,51
2023-05-08,24.2,16.4,0.0,17.4,352,3
2023-05-09,24.1,13.8,0.0,12.0,20,3
2023-05-10,19.5,16.8,17.7,16.1,337,63
2023-05-11,20.1,15.2,0.9,15.5,333,53
2023-05-12,25.2,13.3,0.0,11.2,211,3
2023-05-13,27.3,15.8,0.0,10.1,182,3
2023-05-14,27.4,18.7,0.0,12.1,179,3
2023-05-15,28.7,18.8,0.0,15.9,174,3
2023-05-16,28.8,21.7,38.3,20.4,162,65
2023-05-17,28.8,21.2,23.4,16.0,309,65
2023-05-18,29.6,19.0,0.0,11.9,357,3
2023-05-19,31.2,20.6,0.0,10.0,100,3
2023-05-20,29.1,23.3,13.3,11.5,105,63
2023-05-21,27.8,17.9,44.7,30.7,48,65
2023-05-22,18.9,14.4,3.1,29.1,351,55
2023-05-23,21.9,15.6,3.0,8.9,318,55
2023-05-24,24.5,16.8,0.0,10.0,286,3
2023-05-25,27.5,17.5,3.9,23.1,149,63
2023-05-26,31.2,22.4,13.3,19.4,154,63
2023-05-27,32.0,23.7,15.2,21.6,170,65
2023-05-28,33.2,25.5,0.1,18.1,181,51
2023-05-29,32.5,24.9,0.0,11.1,334,3
2023-05-30,31.1,25.4,1.3,21.3,344,51
2023-05-31,28.9,22.8,0.0,15.1,340,3
2023-06-01,29.6,23.8,0.2,14.3,333,51
2023-06-02,31.3,23.4,0.0,14.3,332,3
2023-06-03,30.4,23.5,0.1,16.3,335,51
2023-06-04,29.8,22.5,0.0,13.5,328,3
2023-06-05,24.9,20.4,1.7,20.3,335,53
2023-06-06,26.9,19.5,0.7,15.3,322,51
2023-06-07,31.7,20.1,1.1,11.4,203,55
2023-06-08,29.5,23.6,1.1,6.2,318,51
2023-06-09,32.1,23.6,0.0,8.6,180,3
2023-06-10,32.6,24.3,0.0,11.2,183,3
2023-06-11,33.9,22.2,0.0,7.3,130,3
2023-06-12,30.2,23.6,0.0,8.9,2,3
2023-06-13,27.8,22.8,0.5,18.8,332,51
2023-06-14,29.3,21.8,0.0,7.9,353,3
2023-06-15,29.8,21.9,0.0,9.4,68,3
2023-06-16,29.6,23.1,6.0,15.4,74,61
2023-06-17,31.9,24.0,2.6,22.6,159,53
2023-06-18,32.7,25.9,0.5,24.5,184,51
2023-06-19,30.1,25.1,16.2,13.7,274,63
2023-06-20,29.4,24.3,25.7,9.0,181,63
2023-06-21,31.1,24.2,26.0,9.7,162,63
2023-06-22,24.6,21.0,53.9,22.2,48,63
2023-06-23,26.7,21.5,2.4,10.9,335,53
2023-06-24,23.7,21.0,22.8,9.3,312,63
2023-06-25,26.5,21.5,4.4,14.2,177,61
2023-06-26,31.1,21.6,1.7,14.4,174,61
2023-06-27,32.1,24.2,0.0,20.6,175,3
2023-06-28,32.8,26.0,0.0,25.0,176,3
2023-06-29,33.3,26.6,0.0,22.9,190,3
2023-06-30,31.5,26.0,12.3,14.2,230,65
2023-07-01,32.8,25.3,7.8,13.1,153,63
2023-07-02,34.5,28.0,0.0,18.5,167,3
2023-07-03,34.4,28.1,0.0,21.1,176,3
2023-07-04,33.9,26.6,4.6,18.4,206,61
2023-07-05,32.1,25.3,3.8,14.8,200,53
2023-07-06,34.8,28.4,0.0,27.3,197,3
2023-07-07,35.6,29.3,0.0,29.0,201,3
2023-07-08,35.6,28.7,0.0,23.8,200,3
2023-07-09,35.4,28.6,0.3,19.9,196,51
2023-07-10,35.8,28.4,0.0,20.9,189,3
2023-07-11,36.4,29.1,0.0,23.6,183,3
2023-07-12,36.8,29.7,0.0,22.9,187,3
2023-07-13,37.5,29.8,0.0,21.2,189,3
2023-07-14,32.4,27.5,0.6,11.8,293,51
2023-07-15,32.0,26.0,3.3,12.4,318,55
2023-07-16,34.2,26.4,0.1,20.3,5,51
2023-07-17,31.7,25.2,0.5,16.6,18,51
2023-07-18,33.0,25.9,5.7,14.1,28,63
2023-07-19,33.3,26.0,6.0,10.0,79,55
2023-07-20,32.3,25.5,14.7,10.6,171,65
2023-07-21,34.6,27.1,0.1,13.8,194,51
2023-07-22,33.2,27.1,20.1,16.8,189,65
2023-07-23,32.8,25.9,47.5,14.3,167,65
2023-07-24,33.4,26.5,1.2,16.3,158,51
2023-07-25,32.0,26.4,13.6,8.5,128,65
2023-07-26,33.3,25.3,0.0,11.4,44,3
2023-07-27,33.4,26.3,0.4,16.3,347,51
2023-07-28,33.2,26.2,1.0,18.5,3,51
2023-07-29,31.5,24.7,1.5,16.0,306,55
2023-07-30,33.2,26.2,4.8,18.8,151,61
2023-07-31,33.4,26.2,1.2,17.0,159,53
2023-08-01,31.6,26.0,7.9,10.4,130,63
2023-08-02,32.1,24.8,2.0,13.0,15,53
2023-08-03,34.2,25.4,0.2,7.9,330,51
2023-08-04,35.9,27.3,0.0,6.9,346,1
2023-08-05,37.0,28.2,0.0,11.0,178,1
2023-08-06,36.3,29.1,2.7,10.3,180,63
2023-08-07,33.5,26.9,11.7,19.1,338,65
2023-08-08,31.7,27.0,12.3,10.7,331,65
2023-08-09,32.7,26.6,28.6,9.4,318,65
2023-08-10,32.3,26.1,1.7,14.4,354,53
2023-08-11,32.8,25.7,0.0,8.9,276,3
2023-08-12,34.0,26.1,0.0,9.1,145,3
2023-08-13,30.2,25.1,23.4,20.6,17,65
2023-08-14,31.2,24.6,3.1,12.9,339,55
2023-08-15,32.5,25.5,0.6,10.8,343,51
2023-08-16,33.8,26.6,0.6,7.6,291,51
2023-08-17,34.7,26.7,0.0,10.4,357,3
2023-08-18,34.4,25.8,0.0,10.2,6,3
2023-08-19,34.6,26.4,0.0,11.2,357,3
2023-08-20,33.2,26.1,0.2,9.9,38,51
2023-08-21,31.8,26.3,15.4,17.7,192,65
2023-08-22,32.2,24.7,13.2,13.0,304,63
2023-08-23,32.2,24.5,0.0,11.4,85,2
2023-08-24,32.3,24.7,0.0,10.7,37,3
2023-08-25,32.6,26.2,0.0,9.3,56,3
2023-08-26,33.3,25.9,11.5,12.0,141,63
2023-08-27,30.6,22.4,8.8,20.7,272,61
2023-08-28,24.3,21.1,3.7,25.0,348,55
2023-08-29,26.6,21.5,0.3,18.6,351,51
2023-08-30,27.7,21.8,1.6,18.8,352,53
2023-08-31,29.7,21.4,0.0,14.0,3,3
2023-09-01,30.7,22.3,0.0,20.1,5,3
2023-09-02,27.2,22.9,0.0,19.2,352,3
2023-09-03,25.0,21.8,27.8,19.0,341,65
2023-09-04,29.5,20.8,0.0,20.3,338,3
2023-09-05,31.1,22.8,2.2,17.4,342,55
2023-09-06,30.5,23.8,7.0,17.0,354,63
2023-09-07,32.0,24.2,2.2,13.8,25,53
2023-09-08,32.7,24.8,0.1,9.6,23,51
2023-09-09,33.0,25.0,0.0,9.7,81,1
2023-09-10,33.8,24.5,0.1,10.0,127,51
2023-09-11,33.3,24.8,26.6,10.6,150,65
2023-09-12,29.0,23.8,10.3,18.4,343,63
2023-09-13,25.7,22.5,4.7,20.2,346,55
2023-09-14,27.8,21.9,4.8,12.0,352,55
2023-09-15,29.2,21.4,0.3,10.5,342,51
2023-09-16,31.0,21.7,0.3,8.1,109,51
2023-09-17,32.9,23.0,0.0,11.3,155,2
2023-09-18,34.3,25.6,0.0,14.8,167,3
2023-09-19,35.6,26.8,0.0,21.9,177,3
2023-09-20,29.8,22.7,0.0,21.8,330,3
2023-09-21,25.3,19.8,1.4,17.7,333,53
2023-09-22,22.7,18.7,5.1,14.6,327,61
2023-09-23,26.3,19.6,0.3,13.8,332,51
2023-09-24,27.6,21.1,0.0,16.2,338,3
2023-09-25,27.9,21.2,0.0,17.1,335,3
2023-09-26,28.5,20.7,0.0,18.0,339,3
2023-09-27,29.5,21.5,0.0,12.4,339,3
2023-09-28,30.1,22.7,0.0,15.9,345,3
2023-09-29,30.7,22.9,0.0,12.8,341,2
2023-09-30,28.2,22.1,19.9,18.4,336,65
2023-10-01,27.7,21.9,1.6,16.9,347,53
2023-10-02,28.2,21.2,0.0,15.5,341,3
2023-10-03,23.8,19.5,0.0,17.2,337,3
2023-10-04,25.1,19.5,0.1,17.7,338,51
2023-10-05,26.3,20.6,0.7,17.1,357,51
2023-10-06,25.1,17.8,0.0,22.7,359,3
2023-10-07,19.3,16.6,0.5,20.4,344,51
2023-10-08,22.4,15.8,0.1,18.7,348,51
2023-10-09,22.4,17.9,4.3,11.5,350,61
2023-10-10,22.6,17.6,0.9,14.0,10,51
2023-10-11,24.1,14.3,0.0,12.5,13,3
2023-10-12,23.0,15.7,0.0,15.3,348,3
2023-10-13,22.7,17.1,0.0,15.3,329,3
2023-10-14,24.2,17.0,0.6,10.7,313,51
2023-10-15,25.8,14.2,0.0,7.6,115,1
2023-10-16,27.2,14.9,0.0,11.1,89,0
2023-10-17,27.5,15.7,0.0,9.9,113,0
2023-10-18,29.5,15.9,0.0,11.7,138,3
2023-10-19,23.5,16.0,3.4,25.3,350,53
2023-10-20,21.9,14.5,0.0,24.3,7,3
2023-10-21,22.2,12.4,0.0,11.1,26,0
2023-10-22,23.6,13.5,0.0,5.5,83,0
2023-10-23,25.6,12.4,0.0,9.0,113,0
2023-10-24,28.9,15.5,0.0,10.1,122,3
2023-10-25,24.8,20.2,15.4,15.9,24,63
2023-10-26,25.2,18.9,47.1,12.6,338,65
2023-10-27,22.4,18.9,0.2,15.0,325,51
2023-10-28,21.7,16.9,3.7,12.0,313,55
2023-10-29,24.4,15.7,0.4,7.8,336,51
2023-10-30,25.4,14.8,0.0,8.0,332,0
2023-10-31,26.1,14.7,0.0,8.6,89,3
2023-11-01,26.4,14.5,0.0,9.5,152,3
2023-11-02,27.5,16.2,0.0,10.9,164,3
2023-11-03,27.7,17.3,0.0,18.4,124,3
2023-11-04,21.7,16.0,0.3,19.5,326,51
2023-11-05,29.1,15.7,10.5,29.2,324,63
2023-11-06,20.2,12.8,0.0,20.2,352,3
2023-11-07,23.0,11.1,0.0,13.8,130,2
2023-11-08,24.2,14.6,11.8,12.0,144,63
2023-11-09,22.6,17.1,33.9,14.1,18,65
2023-11-10,17.9,13.1,12.3,20.5,339,63
2023-11-11,13.2,8.6,15.3,23.7,338,63
2023-11-12,10.3,7.5,3.3,23.4,353,53
2023-11-13,12.1,7.1,0.3,16.3,348,51
2023-11-14,14.4,4.4,0.0,7.5,336,3
2023-11-15,15.2,9.6,3.6,19.5,351,53
2023-11-16,16.2,8.2,0.1,24.5,351,51
2023-11-17,18.2,5.6,0.0,7.6,226,3
2023-11-18,18.8,5.4,0.0,8.3,113,3
2023-11-19,21.1,10.9,0.0,10.4,168,3
2023-11-20,21.3,8.5,0.0,8.5,128,0
2023-11-21,22.2,8.9,0.0,11.7,155,1
2023-11-22,23.1,12.1,0.0,10.8,148,3
2023-11-23,23.5,13.5,0.0,17.4,348,2
2023-11-24,17.3,10.5,0.0,15.6,327,3
2023-11-25,15.8,8.0,0.0,19.0,331,3
2023-11-26,12.8,8.5,0.9,16.4,328,53
2023-11-27,18.7,5.2,0.0,8.1,153,2
2023-11-28,19.4,8.2,0.0,9.9,146,3
2023-11-29,20.6,8.8,0.0,26.5,347,3
2023-11-30,12.1,6.5,0.0,25.1,340,3
2023-12-01,12.6,5.0,0.0,18.3,346,3
2023-12-02,11.1,7.1,0.3,13.1,324,51
2023-12-03,12.8,8.2,0.5,9.7,333,51
2023-12-04,15.8,6.9,0.0,7.9,228,3
2023-12-05,17.6,5.7,0.0,9.2,145,0
2023-12-06,20.0,8.6,0.0,12.5,336,3
2023-12-07,21.6,7.6,0.0,15.5,179,0
2023-12-08,22.4,10.6,0.1,17.5,170,51
2023-12-09,20.1,15.0,1.3,14.7,126,51
2023-12-10,18.9,10.1,6.1,22.3,346,61
2023-12-11,9.9,4.9,2.3,26.7,342,51
2023-12-12,10.7,2.8,0.2,18.4,353,51
2023-12-13,17.6,7.3,0.1,14.2,139,51
2023-12-14,19.1,7.2,0.0,24.5,327,3
2023-12-15,6.5,1.4,3.9,32.5,356,71
2023-12-16,4.5,0.9,0.3,24.9,3,71
2023-12-17,5.1,1.7,0.1,16.9,6,51
2023-12-18,2.7,1.0,3.9,17.7,347,53
2023-12-19,6.3,0.9,0.4,15.3,353,51
2023-12-20,7.6,0.1,0.0,16.3,352,3
2023-12-21,6.1,-1.4,0.0,22.1,7,0
2023-12-22,5.1,-4.0,0.0,17.2,357,1
2023-12-23,7.1,-2.8,0.0,8.9,335,3
2023-12-24,10.3,-1.6,0.0,12.2,323,0
2023-12-25,12.0,-1.3,0.2,9.4,104,51
2023-12-26,15.0,1.4,0.0,11.2,139,2
2023-12-27,15.0,2.2,0.0,11.9,328,0
2023-12-28,14.9,3.3,0.0,12.8,323,0
2023-12-29,14.4,4.2,0.1,15.9,327,51
2023-12-30,17.4,5.7,2.5,10.8,97,55
2023-12-31,17.3,7.2,0.0,18.7,329,3
2024-01-01,14.7,5.4,0.0,13.6,327,3
2024-01-02,8.5,5.0,12.9,18.6,336,63
2024-01-03,12.4,3.3,0.0,11.8,346,3
2024-01-04,13.4,1.2,0.0,13.5,158,3
2024-01-05,16.3,5.8,3.2,11.3,26,63
2024-01-06,16.9,7.8,0.0,13.7,328,3
2024-01-07,13.8,7.2,1.5,13.1,336,53
2024-01-08,12.5,5.6,3.3,15.4,307,61
2024-01-09,16.0,4.3,0.0,11.4,278,3
2024-01-10,15.7,5.4,0.0,11.2,343,3
2024-01-11,16.1,3.4,0.0,11.2,160,1
2024-01-12,18.2,5.8,0.0,9.3,155,3
2024-01-13,20.7,6.6,0.0,9.2,148,1
2024-01-14,21.0,10.5,1.1,19.1,17,53
2024-01-15,10.7,6.0,4.4,21.6,331,61
2024-01-16,11.6,5.6,0.4,15.4,332,51
2024-01-17,8.8,5.8,2.8,15.6,338,51
2024-01-18,7.7,5.3,11.4,18.6,337,63
2024-01-19,6.0,4.3,18.9,19.4,341,63
2024-01-20,6.0,2.5,0.6,21.6,348,51
2024-01-21,7.8,1.2,3.0,24.9,354,73
2024-01-22,1.5,-3.7,12.3,28.9,1,75
2024-01-23,1.1,-7.3,0.0,18.4,357,0
2024-01-24,3.8,-4.9,0.0,10.8,347,3
2024-01-25,7.3,-1.3,0.0,9.3,334,3
2024-01-26,9.9,2.7,0.0,8.8,339,3
2024-01-27,11.1,-0.4,0.0,12.0,333,3
2024-01-28,9.2,0.3,0.1,7.9,320,51
2024-01-29,9.5,3.8,6.8,9.2,169,63
2024-01-30,14.0,5.3,3.7,10.5,175,61
2024-01-31,11.7,8.0,3.1,16.8,329,55
2024-02-01,9.1,2.1,3.2,25.6,338,53
2024-02-02,2.6,0.4,5.3,22.7,344,63
2024-02-03,2.0,-0.1,4.0,22.1,346,53
2024-02-04,2.5,-0.4,15.9,20.9,342,71
2024-02-05,2.4,-2.0,7.1,17.0,354,61
2024-02-06,2.5,-0.6,6.5,19.3,340,61
2024-02-07,4.5,-0.6,2.8,18.1,345,73
2024-02-08,6.8,0.3,0.4,15.6,339,71
2024-02-09,11.3,-1.9,0.0,9.2,303,2
2024-02-10,15.3,-0.8,0.0,11.2,174,0
2024-02-11,17.0,2.3,0.0,9.1,150,3
2024-02-12,17.9,4.5,0.0,18.2,153,3
2024-02-13,20.2,10.7,0.5,20.2,171,51
2024-02-14,24.1,12.1,0.7,17.8,178,51
2024-02-15,16.4,8.3,10.6,37.1,349,63
2024-02-16,12.9,7.4,0.3,12.4,219,51
2024-02-17,22.4,8.3,0.0,23.8,169,3
2024-02-18,26.1,18.5,0.2,35.9,184,51
2024-02-19,20.3,10.8,20.2,24.0,315,65
2024-02-20,10.5,3.7,4.9,25.9,339,61
2024-02-21,3.9,-0.7,22.4,30.9,352,65
2024-02-22,1.2,-1.7,3.0,27.1,358,55
2024-02-23,1.5,-1.7,4.1,21.3,357,61
2024-02-24,0.9,-1.4,2.9,17.8,350,53
2024-02-25,5.6,-0.6,1.2,13.4,358,51
2024-02-26,7.8,1.4,0.6,13.9,345,51
2024-02-27,8.2,-0.5,0.0,12.3,335,3
2024-02-28,7.7,4.7,4.0,8.6,351,61
2024-02-29,9.0,3.5,9.8,23.6,351,73
2024-03-01,8.6,2.7,0.1,17.7,358,51
2024-03-02,10.1,2.6,0.2,11.9,337,51
2024-03-03,13.3,2.4,0.0,12.8,146,3
2024-03-04,12.3,8.6,14.4,19.0,17,63
2024-03-05,11.1,8.8,10.0,26.1,340,61
2024-03-06,13.7,7.2,0.0,22.0,355,3
2024-03-07,16.1,6.8,0.0,16.9,347,3
2024-03-08,17.9,4.1,0.0,13.0,25,3
2024-03-09,16.0,7.5,2.2,12.2,25,61
2024-03-10,15.7,4.7,0.0,9.0,65,3
2024-03-11,20.0,7.7,0.0,8.5,293,3
2024-03-12,22.3,7.1,0.0,10.4,154,3
2024-03-13,18.1,14.0,1.3,15.7,143,53
2024-03-14,16.2,12.0,4.5,9.0,326,61
2024-03-15,18.5,10.6,9.7,13.3,100,61
2024-03-16,19.2,12.5,10.4,9.0,22,65
2024-03-17,17.2,14.9,5.3,16.4,339,55
2024-03-18,14.9,7.7,6.5,25.3,339,61
2024-03-19,18.7,5.8,0.0,11.8,344,3
2024-03-20,19.7,7.4,0.0,8.9,306,3
2024-03-21,20.3,8.9,0.3,17.3,160,51
2024-03-22,25.7,13.8,0.0,26.4,177,3
2024-03-23,27.5,20.1,0.7,30.7,175,51
2024-03-24,27.5,19.3,3.2,17.5,212,53
2024-03-25,18.6,11.3,3.9,27.2,341,63
2024-03-26,18.6,8.7,0.0,17.5,359,3
2024-03-27,23.8,12.7,0.9,13.2,135,53
2024-03-28,23.7,13.7,17.0,23.7,312,65
2024-03-29,26.9,13.7,0.0,16.9,179,3
2024-03-30,28.9,17.9,10.5,25.9,178,63
2024-03-31,27.2,19.0,1.9,15.6,332,55
2024-04-01,26.0,19.2,13.3,25.9,127,63
2024-04-02,25.4,20.1,40.4,21.4,162,65
2024-04-03,20.0,16.4,3.8,23.1,348,63
2024-04-04,16.3,14.5,17.4,20.8,341,63
2024-04-05,18.7,13.8,2.2,14.0,350,53
2024-04-06,16.0,13.3,4.9,15.6,340,61
2024-04-07,19.1,13.5,0.9,12.0,334,51
2024-04-08,21.4,14.4,1.4,16.9,341,53
2024-04-09,22.0,12.3,0.0,9.9,44,3
2024-04-10,22.5,13.3,2.1,8.4,129,61
2024-04-11,21.9,15.8,5.4,6.2,8,63
2024-04-12,26.1,16.2,0.0,7.6,355,3
2024-04-13,25.2,17.4,13.4,16.1,106,61
2024-04-14,29.3,19.4,1.3,12.5,121,51
2024-04-15,30.6,20.4,15.8,17.2,144,65
2024-04-16,25.2,20.2,19.5,14.0,122,63
2024-04-17,23.3,18.5,16.3,19.6,340,63
2024-04-18,26.6,17.5,4.0,14.0,82,63
2024-04-19,27.0,19.3,16.4,21.0,243,63
2024-04-20,24.4,18.7,0.0,14.4,354,3
2024-04-21,22.3,18.0,5.0,10.2,355,61
2024-04-22,25.3,16.9,4.5,8.8,167,61
2024-04-23,25.7,18.9,0.0,16.6,343,3
2024-04-24,26.4,16.4,1.2,8.7,79,53
2024-04-25,24.9,17.8,6.1,7.6,66,61
2024-04-26,27.7,18.8,0.0,9.8,7,3
2024-04-27,28.2,19.2,19.1,12.4,101,63
2024-04-28,28.0,20.9,0.5,11.6,351,51
2024-04-29,28.0,19.6,44.9,14.5,64,65
2024-04-30,20.9,14.6,14.6,28.8,334,63
2024-05-01,19.2,14.3,0.9,19.5,347,51
2024-05-02,21.7,14.7,1.5,8.4,37,53
2024-05-03,20.4,16.4,6.0,10.5,71,53
2024-05-04,19.5,16.1,16.0,17.3,337,65
2024-05-05,23.7,15.6,26.6,12.5,314,65
2024-05-06,27.9,15.7,0.0,10.9,167,3
2024-05-07,27.6,17.2,0.0,7.9,49,3
2024-05-08,29.5,20.3,0.0,10.9,32,3
2024-05-09,26.3,19.4,0.0,9.8,146,3
2024-05-10,25.9,18.0,0.6,16.0,158,51
2024-05-11,26.3,21.6,26.3,14.9,256,65
2024-05-12,26.6,18.6,0.0,17.9,334,3
2024-05-13,27.4,18.8,0.0,12.2,164,3
2024-05-14,28.5,16.1,0.0,12.8,167,3
2024-05-15,30.3,17.9,0.0,11.7,24,3
2024-05-16,29.0,19.3,0.0,9.3,188,3
2024-05-17,30.3,20.1,0.0,14.8,190,3
2024-05-18,29.0,21.0,0.6,13.3,177,51
2024-05-19,26.2,20.5,5.5,12.0,130,61
2024-05-20,26.6,20.1,0.2,12.1,65,51
2024-05-21,26.1,21.4,2.9,12.8,337,55
2024-05-22,26.4,21.2,2.1,9.1,315,53
2024-05-23,30.2,20.4,0.0,8.5,183,3
2024-05-24,32.1,21.8,0.0,10.6,147,0
2024-05-25,33.0,23.4,0.0,16.6,159,1
2024-05-26,33.0,25.2,8.5,19.2,177,63
2024-05-27,29.2,23.8,10.8,25.9,355,63
2024-05-28,28.5,20.4,0.0,14.9,27,3
2024-05-29,28.2,20.6,4.1,11.3,94,63
2024-05-30,22.7,19.7,5.4,20.2,337,61
2024-05-31,25.4,18.9,8.4,12.0,332,61
2024-06-01,26.0,21.0,0.9,12.6,6,51
2024-06-02,28.4,20.3,1.8,14.8,337,55
2024-06-03,27.0,21.4,0.6,9.7,9,51
2024-06-04,24.8,19.8,8.6,16.6,81,61
2024-06-05,24.0,19.3,3.2,12.1,341,53
2024-06-06,26.3,19.6,0.1,8.9,8,51
2024-06-07,28.3,20.3,0.3,7.9,83,51
2024-06-08,28.0,21.8,1.5,9.4,19,51
2024-06-09,28.2,22.8,5.0,10.2,347,61
2024-06-10,26.9,22.7,12.1,8.4,301,63
2024-06-11,30.9,22.8,3.0,14.9,202,53
2024-06-12,30.8,24.3,30.7,12.2,169,63
2024-06-13,32.3,24.6,3.1,13.2,152,55
2024-06-14,31.9,24.3,5.0,13.2,152,61
2024-06-15,32.3,25.4,1.8,8.4,120,55
2024-06-16,31.5,24.8,6.2,10.3,101,63
2024-06-17,28.7,23.5,34.0,13.4,98,65
2024-06-18,29.3,23.5,26.7,11.3,106,65
2024-06-19,29.9,24.2,38.9,18.7,185,65
2024-06-20,32.2,24.7,6.5,16.6,168,61
2024-06-21,33.2,27.2,0.0,24.9,185,3
2024-06-22,30.2,26.2,37.0,23.5,207,65
2024-06-23,30.7,25.1,31.2,16.6,180,65
2024-06-24,27.2,20.9,74.1,19.6,32,65
2024-06-25,22.8,20.5,98.2,12.6,5,65
2024-06-26,23.5,20.8,25.7,5.4,25,63
2024-06-27,25.3,21.0,34.9,11.0,163,63
2024-06-28,30.2,24.2,2.9,18.7,172,55
2024-06-29,28.4,25.9,22.5,18.4,192,63
2024-06-30,30.4,25.1,56.6,21.1,192,65
2024-07-01,30.1,24.6,93.6,17.3,190,65
2024-07-02,29.1,22.4,54.4,20.1,303,65
2024-07-03,31.9,23.9,4.5,22.0,171,63
2024-07-04,33.2,26.3,0.0,25.2,182,2
2024-07-05,33.2,26.7,0.0,24.9,180,3
2024-07-06,33.9,27.0,0.0,23.4,183,3
2024-07-07,34.4,26.7,0.0,25.4,179,3
2024-07-08,34.5,27.7,0.0,26.8,184,3
2024-07-09,34.9,27.7,0.0,24.6,188,3
2024-07-10,34.6,27.7,0.0,16.1,195,3
2024-07-11,35.4,28.3,0.0,16.5,194,3
2024-07-12,34.8,28.4,0.0,20.1,192,3
2024-07-13,34.9,28.6,0.0,19.5,184,3
2024-07-14,35.8,28.2,0.0,20.5,177,3
2024-07-15,36.2,28.5,0.0,16.5,176,3
2024-07-16,36.7,29.5,0.0,21.7,179,3
2024-07-17,36.7,29.2,0.0,24.0,183,3
2024-07-18,37.1,29.5,0.0,24.9,188,3
2024-07-19,36.7,28.4,0.0,23.6,184,3
2024-07-20,36.4,29.1,0.0,22.3,176,3
2024-07-21,37.4,29.3,0.0,19.8,180,3
2024-07-22,38.5,29.0,0.0,17.9,183,1
2024-07-23,38.5,29.3,0.0,16.0,179,3
2024-07-24,38.6,29.0,0.0,11.2,41,3
2024-07-25,38.2,29.9,0.3,26.6,352,51
2024-07-26,36.1,29.1,1.7,30.2,348,61
2024-07-27,33.7,26.8,33.5,24.4,338,65
2024-07-28,27.5,25.7,68.9,24.9,183,65
2024-07-29,32.3,26.0,8.2,20.5,161,63
2024-07-30,33.1,26.2,0.0,17.3,172,0
2024-07-31,33.0,27.0,0.4,16.3,177,51
2024-08-01,32.7,26.9,0.9,19.1,185,51
2024-08-02,33.7,26.9,0.3,22.5,183,51
2024-08-03,34.3,27.4,0.0,20.9,186,3
2024-08-04,35.5,27.8,0.0,13.3,192,0
2024-08-05,36.6,27.4,0.0,12.4,189,1
2024-08-06,36.5,27.4,0.0,14.0,178,3
2024-08-07,36.8,27.9,0.0,15.1,180,1
2024-08-08,37.3,28.3,0.0,16.4,182,3
2024-08-09,36.8,28.3,0.0,21.1,185,3
2024-08-10,35.8,28.8,8.0,13.5,199,63
2024-08-11,35.9,27.4,5.4,10.1,217,61
2024-08-12,33.5,26.6,0.2,11.4,164,51
2024-08-13,32.7,25.8,2.8,14.1,168,61
2024-08-14,33.5,25.2,2.8,17.8,6,61
2024-08-15,32.9,26.0,3.6,18.6,2,61
2024-08-16,32.5,25.9,15.8,16.7,333,65
2024-08-17,32.1,25.8,2.0,14.0,343,51
2024-08-18,31.3,25.8,1.2,11.7,351,51
2024-08-19,31.9,25.0,1.4,14.4,326,51
2024-08-20,33.8,25.9,0.2,10.2,347,51
2024-08-21,34.4,25.7,0.3,11.9,168,51
2024-08-22,34.7,26.9,0.0,16.9,176,1
2024-08-23,35.0,27.1,0.1,14.3,175,51
2024-08-24,35.3,26.9,0.0,15.8,169,1
2024-08-25,36.0,27.2,0.3,15.4,160,51
2024-08-26,36.2,27.6,0.0,12.7,178,3
2024-08-27,35.8,26.4,0.4,24.6,336,51
2024-08-28,30.3,25.9,0.0,23.1,346,3
2024-08-29,31.1,24.9,0.1,11.1,354,51
2024-08-30,33.8,24.9,0.5,7.9,188,51
2024-08-31,35.9,26.0,0.2,8.9,177,51
2024-09-01,36.9,27.6,0.1,10.0,186,51
2024-09-02,38.1,28.2,1.0,12.2,159,55
2024-09-03,35.4,27.4,3.0,9.0,355,61
2024-09-04,35.7,27.8,1.1,10.2,13,53
2024-09-05,37.2,28.4,1.7,18.0,21,61
2024-09-06,35.7,26.4,1.2,19.1,342,53
2024-09-07,36.1,27.7,2.3,10.8,13,61
2024-09-08,36.0,27.1,0.0,12.0,4,3
2024-09-09,35.1,27.0,0.5,12.6,43,53
2024-09-10,35.7,26.9,0.2,14.5,26,51
2024-09-11,34.3,26.4,0.8,22.6,342,51
2024-09-12,27.3,24.4,0.2,17.1,339,51
2024-09-13,29.7,24.2,0.2,14.6,330,51
2024-09-14,32.0,23.2,0.5,13.8,339,51
2024-09-15,32.2,25.5,7.5,15.6,360,63
2024-09-16,30.7,24.3,1.3,20.2,353,53
2024-09-17,31.1,24.7,0.0,19.6,349,3
2024-09-18,33.9,25.7,0.1,16.6,347,51
2024-09-19,31.7,26.4,0.0,22.8,345,3
2024-09-20,30.6,26.2,3.7,18.2,343,61
2024-09-21,27.8,22.6,25.9,29.9,1,65
2024-09-22,24.9,20.0,0.0,25.2,2,3
2024-09-23,25.8,18.2,0.0,17.6,351,3
2024-09-24,27.0,18.0,0.0,10.8,324,0
2024-09-25,28.7,19.8,0.0,7.2,356,3
2024-09-26,29.6,23.2,0.0,11.5,355,3
2024-09-27,30.2,21.5,0.0,6.8,27,3
2024-09-28,32.7,23.4,0.0,13.4,112,3
2024-09-29,33.6,24.9,0.0,13.2,122,2
2024-09-30,32.4,21.3,0.0,33.5,4,3
2024-10-01,22.9,17.5,0.4,29.4,353,51
2024-10-02,24.6,17.0,0.0,21.9,357,3
2024-10-03,23.6,18.4,0.0,20.1,359,3
2024-10-04,25.4,17.6,0.0,14.8,334,3
2024-10-05,27.2,15.5,0.0,17.0,333,3
2024-10-06,27.0,18.0,0.0,21.8,338,3
2024-10-07,22.8,16.9,0.0,23.2,342,3
2024-10-08,22.4,15.9,1.2,13.1,339,55
2024-10-09,26.7,15.3,0.5,10.3,316,53
2024-10-10,28.8,15.3,0.0,14.3,12,2
2024-10-11,28.8,16.9,0.0,11.1,45,3
2024-10-12,29.1,19.5,0.0,11.4,47,3
2024-10-13,27.2,19.2,0.0,18.5,333,3
2024-10-14,19.9,18.1,27.3,16.3,329,63
2024-10-15,21.8,17.9,8.6,8.9,328,61
2024-10-16,25.8,19.0,29.0,9.7,356,65
2024-10-17,25.9,19.6,16.9,16.9,140,65
2024-10-18,27.5,20.3,5.1,14.5,18,63
2024-10-19,23.0,17.3,1.5,23.7,5,53
2024-10-20,19.7,15.9,0.0,17.7,343,3
2024-10-21,19.6,14.2,0.2,15.8,333,51
2024-10-22,18.6,13.6,0.5,27.8,347,51
2024-10-23,20.5,12.2,0.0,14.7,343,0
2024-10-24,22.1,10.2,0.0,15.7,339,0
2024-10-25,22.4,11.5,0.0,16.7,349,2
2024-10-26,20.1,15.0,0.4,21.7,338,51
2024-10-27,19.8,16.6,13.8,20.9,344,61
2024-10-28,22.3,15.3,4.1,13.4,343,55
2024-10-29,22.7,13.7,0.0,8.0,20,3
2024-10-30,23.0,12.2,0.0,10.5,353,2
2024-10-31,22.4,12.4,0.0,20.7,342,0
2024-11-01,21.7,15.4,0.0,30.8,350,3
2024-11-02,22.8,13.8,0.0,13.4,346,0
2024-11-03,23.8,12.9,0.0,9.5,335,0
2024-11-04,25.3,15.8,0.0,15.8,348,2
2024-11-05,22.5,15.4,0.0,17.3,342,3
2024-11-06,23.2,12.3,0.0,13.1,354,0
2024-11-07,22.1,10.9,0.0,9.4,55,3
2024-11-08,22.2,11.4,0.0,10.5,81,3
2024-11-09,23.0,13.3,0.2,17.7,330,51
2024-11-10,23.0,14.0,0.0,14.1,329,3
2024-11-11,25.3,13.0,0.0,12.2,325,1
2024-11-12,24.7,15.2,0.0,6.5,353,3
2024-11-13,27.6,16.3,0.0,9.8,342,2
2024-11-14,26.7,17.3,1.7,9.9,340,61
2024-11-15,25.3,18.2,0.2,11.1,332,51
2024-11-16,26.2,18.9,0.6,15.8,344,53
2024-11-17,18.8,12.0,2.9,19.6,344,53
2024-11-18,14.7,11.8,0.6,14.5,340,51
2024-11-19,13.6,10.7,0.1,16.9,342,51
2024-11-20,13.3,10.3,0.0,14.3,337,3
2024-11-21,16.0,10.9,0.0,11.5,341,3
2024-11-22,16.8,11.7,1.8,7.8,340,53
2024-11-23,17.3,10.7,0.0,7.5,337,3
2024-11-24,16.0,11.2,10.5,6.9,0,63
2024-11-25,12.7,10.4,13.5,17.5,346,63
2024-11-26,14.8,7.5,0.0,11.0,348,3
2024-11-27,15.8,6.6,0.0,13.1,357,3
2024-11-28,17.2,5.9,0.0,10.1,358,3
2024-11-29,17.3,6.7,0.0,5.5,106,3
2024-11-30,18.6,6.9,0.0,9.6,155,3
2024-12-01,20.3,8.6,0.0,7.4,145,0
2024-12-02,22.0,9.2,0.0,8.5,71,0
2024-12-03,17.8,11.0,0.0,15.5,329,3
2024-12-04,15.4,8.6,0.0,18.7,335,3
2024-12-05,12.4,8.4,6.0,16.8,342,53
2024-12-06,14.7,8.0,1.9,10.6,355,53
2024-12-07,12.6,9.6,0.8,11.9,349,51
2024-12-08,12.8,7.2,0.0,11.5,1,3
2024-12-09,10.8,6.7,0.3,8.3,356,51
2024-12-10,8.2,6.0,6.9,15.8,343,53
2024-12-11,9.9,4.5,2.7,17.9,347,53
2024-12-12,9.2,5.4,0.5,11.9,343,51
2024-12-13,11.0,4.3,0.0,18.2,355,3
2024-12-14,9.9,2.6,0.0,14.8,356,3
2024-12-15,11.1,0.6,0.0,7.1,323,0
2024-12-16,13.4,0.7,0.0,5.1,137,0
2024-12-17,14.2,2.3,0.0,12.6,19,3
2024-12-18,12.2,3.4,0.0,16.2,343,1
2024-12-19,9.0,1.3,0.0,8.7,336,0
2024-12-20,10.6,0.6,0.0,8.4,350,3
2024-12-21,12.1,5.6,0.0,15.9,351,3
2024-12-22,9.5,4.1,0.0,14.6,344,3
2024-12-23,8.4,2.7,0.0,11.8,338,3
2024-12-24,9.9,1.4,0.0,11.9,332,3
2024-12-25,13.0,2.2,0.0,13.0,332,1
2024-12-26,13.1,4.9,0.0,12.8,331,3
2024-12-27,12.2,7.0,0.0,19.9,342,3
2024-12-28,10.9,2.8,0.0,12.8,344,0
2024-12-29,12.9,0.6,0.0,5.4,86,3
2024-12-30,15.6,7.2,0.0,9.4,1,3
2024-12-31,15.3,3.9,0.0,9.1,335,0
2025-01-01,16.8,4.0,0.0,5.7,97,0
2025-01-02,16.2,4.3,0.0,16.5,334,0
2025-01-03,14.0,3.9,0.0,14.8,328,0
2025-01-04,15.8,3.5,0.0,19.7,332,3
2025-01-05,13.5,4.0,0.0,15.7,327,3
2025-01-06,16.5,3.2,0.0,14.5,359,3
2025-01-07,13.8,5.3,0.0,12.7,335,3
2025-01-08,8.5,6.0,0.4,11.2,333,51
2025-01-09,8.3,3.6,0.2,11.6,342,51
2025-01-10,9.6,0.2,0.0,13.8,346,3
2025-01-11,12.2,3.8,0.0,8.5,327,3
2025-01-12,16.0,3.4,0.0,11.0,156,0
2025-01-13,19.0,4.3,0.0,8.7,123,3
2025-01-14,18.8,9.4,0.0,20.0,355,3
2025-01-15,13.0,6.1,0.0,17.8,354,3
2025-01-16,14.4,2.6,0.0,11.6,337,0
2025-01-17,15.0,2.3,0.0,6.9,59,0
2025-01-18,16.3,4.1,0.0,5.2,53,3
2025-01-19,17.8,4.2,0.0,7.8,332,1
2025-01-20,19.7,5.1,0.0,9.1,344,3
2025-01-21,21.7,8.1,0.0,9.2,118,1
2025-01-22,20.9,9.4,0.0,10.4,50,3
2025-01-23,16.2,9.9,0.8,13.4,324,53
2025-01-24,11.8,7.9,1.6,15.8,326,53
2025-01-25,8.4,3.1,17.4,24.0,326,61
2025-01-26,9.7,3.5,0.5,25.4,353,51
2025-01-27,11.6,0.4,0.0,10.0,341,3
2025-01-28,13.1,1.7,0.0,5.9,44,0
2025-01-29,16.0,2.9,0.0,9.0,146,3
2025-01-30,16.4,5.7,1.4,9.3,137,55
2025-01-31,11.0,6.2,17.2,18.6,348,61
2025-02-01,6.1,4.6,3.8,16.1,339,61
2025-02-02,5.9,4.4,4.7,17.2,337,53
2025-02-03,12.1,4.8,0.0,16.4,351,3
2025-02-04,13.4,1.4,0.0,5.4,42,3
2025-02-05,11.5,4.6,0.0,9.7,29,3
2025-02-06,8.6,5.6,1.0,10.3,323,51
2025-02-07,9.2,3.8,0.0,19.8,4,3
2025-02-08,4.2,-0.9,0.0,15.2,357,3
2025-02-09,8.6,-1.6,0.0,8.7,351,3
2025-02-10,9.9,5.1,0.0,6.3,126,3
2025-02-11,16.0,6.9,0.0,10.7,102,3
2025-02-12,10.1,6.3,3.5,21.7,347,53
2025-02-13,12.6,4.4,0.0,13.1,337,3
2025-02-14,8.5,5.1,7.8,9.9,326,63
2025-02-15,13.6,5.6,15.0,8.6,319,63
2025-02-16,11.8,3.8,0.0,8.2,186,3
2025-02-17,10.8,7.3,6.8,14.0,7,61
2025-02-18,12.2,4.6,0.5,6.1,69,51
2025-02-19,11.7,7.7,6.5,7.9,25,63
2025-02-20,9.9,6.5,23.7,13.5,333,63
2025-02-21,11.7,5.8,1.7,10.8,345,53
2025-02-22,7.7,6.3,17.5,10.6,6,63
2025-02-23,10.6,5.6,0.9,13.9,2,51
2025-02-24,12.8,2.9,0.0,10.3,357,3
2025-02-25,12.8,5.4,1.6,10.6,327,53
2025-02-26,14.8,4.6,0.2,9.8,153,51
2025-02-27,22.4,9.0,3.7,15.1,165,61
2025-02-28,24.2,13.1,0.5,18.1,173,51
2025-03-01,26.3,16.2,0.0,20.7,177,3
2025-03-02,29.3,15.1,3.4,25.5,203,63
2025-03-03,12.4,4.0,30.4,26.3,342,63
2025-03-04,6.1,2.4,8.0,20.0,356,63
2025-03-05,6.0,4.1,9.6,15.2,351,61
2025-03-06,10.8,4.7,1.2,14.4,357,51
2025-03-07,12.5,5.1,3.9,8.9,279,55
2025-03-08,15.2,5.7,0.0,4.9,119,3
2025-03-09,14.2,10.2,1.4,5.9,92,53
2025-03-10,15.7,10.2,2.3,6.4,160,55
2025-03-11,23.8,12.0,1.5,15.5,76,53
2025-03-12,16.8,12.8,17.8,15.8,331,63
2025-03-13,17.5,12.4,13.0,14.5,330,63
2025-03-14,17.6,9.8,11.9,19.5,339,63
2025-03-15,11.5,8.5,0.9,21.5,347,51
2025-03-16,15.9,6.5,0.0,19.8,358,3
2025-03-17,15.2,6.1,0.0,11.9,337,3
2025-03-18,18.9,6.9,0.0,14.2,333,3
2025-03-19,20.0,7.5,0.0,9.2,339,3
2025-03-20,22.3,7.5,0.0,8.1,55,3
2025-03-21,24.3,8.7,0.0,7.8,132,1
2025-03-22,26.4,11.5,0.0,6.3,145,3
2025-03-23,22.0,14.8,0.0,8.1,224,3
2025-03-24,26.9,12.8,0.0,10.3,166,3
2025-03-25,30.9,15.3,0.0,12.6,177,1
2025-03-26,33.9,21.2,18.3,21.9,181,65
2025-03-27,30.6,13.7,1.4,27.5,335,53
2025-03-28,13.0,6.5,3.3,24.7,3,53
2025-03-29,8.1,5.6,6.9,16.0,16,53
2025-03-30,11.0,5.2,7.4,8.1,22,73
2025-03-31,14.5,7.0,0.0,9.5,337,3
2025-04-01,19.0,8.3,0.0,4.0,315,3
2025-04-02,22.6,10.3,0.0,10.1,71,3
2025-04-03,24.3,11.0,0.0,7.6,128,3
2025-04-04,19.9,15.6,1.6,10.3,118,53
2025-04-05,21.1,14.0,0.4,8.6,228,51
2025-04-06,25.1,12.2,0.0,5.1,163,3
2025-04-07,26.9,14.4,0.0,13.1,168,3
2025-04-08,29.1,16.8,0.0,10.7,174,3
2025-04-09,27.8,19.3,8.4,10.2,162,63
2025-04-10,28.8,17.5,0.4,8.4,139,51
2025-04-11,32.0,21.4,31.8,19.4,156,65
2025-04-12,21.8,13.0,4.5,30.8,354,61
2025-04-13,24.1,10.4,0.0,14.8,196,3
2025-04-14,28.2,13.2,0.0,13.2,182,2
2025-04-15,29.0,14.0,0.0,10.9,143,3
2025-04-16,27.1,18.0,4.2,12.1,142,61
2025-04-17,28.4,19.6,0.0,13.6,167,3
2025-04-18,30.7,19.3,0.6,30.6,159,51
2025-04-19,24.3,21.1,21.7,14.1,276,63
2025-04-20,27.2,19.5,3.2,15.9,131,63
2025-04-21,30.8,22.3,66.9,17.4,159,65
2025-04-22,23.5,19.1,11.9,21.1,348,63
2025-04-23,24.0,17.2,3.8,12.8,335,63
2025-04-24,18.9,17.6,17.2,12.0,337,63
2025-04-25,25.6,15.4,0.3,12.7,48,51
2025-04-26,23.7,16.9,0.7,7.9,140,51
2025-04-27,24.6,18.3,5.1,7.8,343,55
2025-04-28,27.1,17.4,0.0,12.1,344,3
2025-04-29,29.3,17.2,0.0,11.7,91,3
2025-04-30,24.8,19.1,15.0,11.1,264,63
2025-05-01,29.7,17.7,0.0,11.1,300,3
2025-05-02,30.5,19.1,0.0,12.0,174,3
2025-05-03,30.4,21.5,0.1,15.2,300,51
2025-05-04,25.5,18.6,6.9,9.6,300,63
2025-05-05,25.2,19.0,0.5,15.0,332,51
2025-05-06,28.5,17.0,0.9,11.4,324,53
2025-05-07,27.8,20.4,2.7,10.9,142,61
2025-05-08,28.8,20.4,49.9,20.2,199,65
2025-05-09,27.1,19.1,0.0,16.3,342,3
2025-05-10,23.7,16.0,0.3,20.0,0,51
2025-05-11,26.0,12.7,0.0,8.7,194,3
2025-05-12,27.5,15.5,0.0,14.5,175,3
2025-05-13,30.3,18.0,0.0,15.2,167,3
2025-05-14,33.6,21.2,0.0,13.4,201,3
2025-05-15,28.2,21.6,6.6,12.0,316,61
2025-05-16,28.4,20.3,0.0,9.6,279,3
2025-05-17,29.8,22.1,2.4,6.8,171,51
2025-05-18,30.5,23.8,1.2,11.6,335,53
2025-05-19,30.3,23.0,0.3,12.2,174,51
2025-05-20,30.6,24.4,8.2,16.4,185,63
2025-05-21,33.2,25.0,19.7,14.2,178,65
2025-05-22,28.7,24.5,59.4,14.3,158,65
2025-05-23,24.5,19.7,3.1,23.5,350,61
2025-05-24,26.5,18.2,0.0,14.7,353,3
2025-05-25,26.1,19.6,0.0,7.6,205,3
2025-05-26,28.3,18.1,0.0,9.1,175,3
2025-05-27,26.1,19.8,7.2,8.2,125,61
2025-05-28,22.2,19.7,29.3,9.0,23,63
2025-05-29,27.8,18.0,0.1,7.5,70,51
2025-05-30,28.2,19.5,0.0,11.4,133,3
2025-05-31,30.4,22.9,11.1,16.9,171,63
2025-06-01,25.5,20.1,3.5,17.2,331,53
2025-06-02,24.0,19.0,9.4,19.3,340,63
2025-06-03,27.4,19.1,0.0,8.2,336,3
2025-06-04,30.0,20.8,0.0,7.2,348,3
2025-06-05,32.3,22.4,0.0,10.6,157,1
2025-06-06,34.5,25.3,0.8,16.5,183,53
2025-06-07,35.0,26.6,14.2,14.0,194,65
2025-06-08,27.0,23.0,8.8,14.2,305,61
2025-06-09,30.0,22.3,0.1,9.9,313,51
2025-06-10,28.8,23.4,1.6,8.3,320,53
2025-06-11,26.3,22.8,13.7,7.1,25,63
2025-06-12,27.3,23.2,15.7,6.1,23,63
2025-06-13,32.5,24.2,0.3,9.7,168,51
2025-06-14,33.0,26.1,0.4,13.3,174,51
2025-06-15,31.2,23.6,33.8,15.9,10,65
2025-06-16,33.3,23.0,0.0,15.2,174,1
2025-06-17,33.1,24.8,0.0,16.0,166,3
2025-06-18,30.3,25.9,1.1,21.4,162,51
2025-06-19,29.7,25.6,3.8,22.4,169,53
2025-06-20,28.3,24.7,8.5,20.2,174,55
2025-06-21,31.2,22.6,22.6,16.8,217,63
2025-06-22,23.8,22.0,49.9,10.5,305,65
2025-06-23,23.3,21.4,14.5,7.8,1,61
2025-06-24,26.2,20.6,25.8,5.5,38,63
2025-06-25,32.7,23.7,0.1,11.0,154,51
2025-06-26,32.5,24.4,1.3,9.1,310,53
2025-06-27,31.5,25.9,7.4,11.5,162,63
2025-06-28,31.9,25.7,20.9,13.3,162,63
2025-06-29,31.7,25.0,14.6,16.6,162,63
2025-06-30,32.9,25.9,0.3,14.1,158,51
2025-07-01,33.6,26.6,0.0,16.5,164,3
2025-07-02,34.7,26.5,0.0,14.5,172,2
2025-07-03,36.5,27.2,0.0,11.3,193,3
2025-07-04,38.2,28.0,0.2,8.5,191,51
2025-07-05,39.8,29.4,0.0,6.8,188,3
2025-07-06,39.2,30.1,0.0,12.3,35,1
2025-07-07,39.0,29.1,1.4,8.7,299,61
2025-07-08,39.5,29.6,0.6,9.6,132,51
2025-07-09,37.7,28.7,3.1,17.5,357,61
2025-07-10,36.7,28.3,1.2,16.8,40,53
2025-07-11,36.0,27.7,2.0,16.6,23,53
2025-07-12,35.8,27.3,10.7,12.8,16,63
2025-07-13,33.9,26.5,10.7,9.8,328,63
2025-07-14,36.7,26.9,0.6,9.9,177,53
2025-07-15,38.6,28.1,0.0,13.1,191,3
2025-07-16,39.7,29.6,0.0,15.6,200,3
2025-07-17,38.6,27.5,9.8,13.3,176,65
2025-07-18,36.7,27.4,10.5,12.0,27,63
2025-07-19,39.2,27.7,0.5,19.6,359,51
2025-07-20,37.6,28.8,13.4,15.4,18,65
2025-07-21,34.4,27.3,13.8,15.9,27,63
2025-07-22,30.0,26.7,7.1,13.7,103,61
2025-07-23,32.3,26.0,0.9,10.1,111,51
2025-07-24,34.1,26.0,1.1,9.0,349,51
2025-07-25,34.1,26.9,0.3,11.0,336,51
2025-07-26,35.5,27.0,0.6,14.7,356,51
2025-07-27,32.3,27.0,21.0,12.4,323,65
2025-07-28,32.7,26.8,3.3,13.1,333,61
2025-07-29,32.6,25.9,10.4,15.1,330,63
2025-07-30,31.5,25.4,10.2,15.9,314,63
2025-07-31,33.3,26.7,0.4,11.6,324,51
2025-08-01,34.7,26.0,0.1,10.0,320,51
2025-08-02,36.9,27.4,0.3,8.4,268,51
2025-08-03,37.9,28.7,1.3,11.1,180,53
2025-08-04,39.4,29.0,0.2,9.7,162,51
2025-08-05,37.3,28.9,3.9,11.9,165,61
2025-08-06,35.3,28.1,1.5,15.1,161,53
2025-08-07,33.0,26.5,11.5,17.4,181,65
2025-08-08,34.6,26.4,4.2,16.5,191,53
2025-08-09,37.5,28.3,0.1,16.8,195,51
2025-08-10,38.7,27.2,1.2,14.1,203,55
2025-08-11,34.6,26.3,1.1,14.2,329,51
2025-08-12,36.4,25.4,0.0,9.5,331,3
2025-08-13,31.8,26.5,7.8,10.6,358,63
2025-08-14,35.5,26.2,0.9,16.9,36,51
2025-08-15,35.8,26.6,0.4,16.3,137,51
2025-08-16,37.4,26.8,0.0,6.9,169,1
2025-08-17,39.4,28.5,0.0,11.3,125,3
2025-08-18,39.4,29.6,0.2,17.4,165,51
2025-08-19,37.6,28.0,0.3,18.1,185,51
2025-08-20,37.3,28.4,0.6,20.0,184,51
2025-08-21,35.4,27.8,1.4,18.7,183,53
2025-08-22,33.1,27.0,1.1,17.8,184,51
2025-08-23,36.1,27.0,0.1,14.0,177,51
2025-08-24,38.5,28.3,0.4,17.8,177,51
2025-08-25,39.8,27.5,0.0,11.2,158,3
2025-08-26,39.8,28.6,0.1,12.1,156,51
2025-08-27,40.1,28.3,0.0,10.5,167,3
2025-08-28,38.3,27.4,0.4,10.2,163,51
2025-08-29,38.0,28.3,0.1,7.3,201,51
2025-08-30,35.6,25.8,11.2,11.5,343,63
2025-08-31,35.3,25.2,7.3,13.7,347,63
2025-09-01,34.2,26.7,5.6,8.9,13,63
2025-09-02,34.9,26.1,0.4,9.8,119,51
2025-09-03,37.5,27.1,0.1,10.4,152,51
2025-09-04,38.1,28.1,0.1,12.4,140,51
2025-09-05,39.5,28.8,0.3,13.3,146,51
2025-09-06,35.7,26.4,6.0,16.6,338,63
2025-09-07,33.1,25.2,0.1,10.0,357,51
2025-09-08,36.7,26.9,14.9,9.5,49,65
2025-09-09,31.1,26.0,18.2,11.2,16,65
2025-09-10,32.4,25.6,3.0,8.1,175,61
2025-09-11,33.4,25.7,3.9,11.6,162,61
2025-09-12,34.7,26.7,1.6,10.9,186,53
2025-09-13,32.8,26.0,0.5,8.3,327,51
2025-09-14,33.6,24.5,7.1,7.8,355,63
2025-09-15,36.0,26.4,0.0,11.5,167,3
2025-09-16,37.4,27.8,0.0,11.5,180,2
2025-09-17,38.8,28.8,0.3,20.9,330,51
2025-09-18,29.8,22.4,0.1,18.6,333,51
2025-09-19,25.5,20.8,0.0,18.0,332,3
2025-09-20,23.4,19.1,0.0,18.7,342,3
2025-09-21,27.4,20.6,0.0,14.8,337,3
2025-09-22,25.8,21.3,0.1,17.0,333,51
2025-09-23,26.3,20.6,0.1,22.0,337,51
2025-09-24,22.1,19.3,3.6,20.5,346,55
2025-09-25,26.1,20.5,6.6,16.6,344,63
2025-09-26,25.9,21.3,1.4,12.8,325,61
2025-09-27,27.7,22.3,0.1,10.5,325,51
2025-09-28,31.6,23.0,0.0,5.4,351,3
2025-09-29,27.5,23.4,0.3,14.4,332,51
2025-09-30,27.9,22.5,3.0,9.2,335,55
2025-10-01,31.7,23.3,0.0,10.7,151,3
2025-10-02,33.3,26.8,0.0,16.5,183,3
2025-10-03,28.1,22.6,0.0,13.1,329,3
2025-10-04,28.6,21.4,0.0,11.2,331,3
2025-10-05,33.2,22.6,0.0,7.0,314,1
2025-10-06,34.3,25.4,0.0,8.9,165,1
2025-10-07,33.3,25.9,0.3,11.1,343,51
2025-10-08,33.5,25.4,0.1,10.2,357,51
2025-10-09,36.2,26.7,0.0,9.0,156,0
2025-10-10,36.5,27.7,0.0,7.7,162,0
2025-10-11,31.3,24.2,0.0,11.3,338,3
2025-10-12,28.3,20.7,0.0,14.5,338,3
2025-10-13,22.6,19.0,0.0,17.9,339,3
2025-10-14,20.5,18.1,1.7,13.0,337,53
2025-10-15,27.1,19.0,0.6,11.6,335,51
2025-10-16,24.0,20.0,0.2,14.2,335,51
2025-10-17,25.6,19.5,0.0,16.5,334,3
2025-10-18,20.7,16.5,2.7,19.1,338,51
2025-10-19,16.4,14.6,5.4,19.5,342,61
2025-10-20,15.2,12.5,1.6,19.0,354,51
2025-10-21,13.2,11.0,0.3,20.4,354,51
2025-10-22,16.1,9.9,0.0,16.0,352,3
2025-10-23,18.9,10.8,0.0,17.7,347,3
2025-10-24,20.0,13.1,0.0,14.3,342,3
2025-10-25,18.6,12.4,0.4,16.9,332,51
2025-10-26,18.5,13.3,0.0,15.4,341,3
2025-10-27,20.2,12.5,0.0,10.0,340,3
2025-10-28,21.8,12.8,0.0,9.6,341,3
2025-10-29,23.4,13.6,0.0,7.6,21,3
2025-10-30,19.0,15.6,7.1,11.6,328,61
2025-10-31,20.4,14.7,0.4,16.3,343,51
2025-11-01,18.5,16.2,1.8,7.4,308,53
2025-11-02,19.6,15.0,0.0,6.2,281,3
2025-11-03,16.7,14.6,11.2,10.3,335,53
2025-11-04,19.7,14.1,7.0,6.1,356,61
2025-11-05,20.5,12.9,0.2,11.1,93,51
2025-11-06,20.8,15.5,0.0,8.5,75,3
2025-11-07,22.9,16.4,2.7,13.7,333,53
2025-11-08,17.2,14.9,31.7,18.1,335,63
2025-11-09,15.0,12.5,6.4,17.0,340,55
2025-11-10,15.5,12.9,4.2,13.3,336,53
2025-11-11,17.8,13.3,0.1,16.0,341,51
2025-11-12,18.0,13.9,0.5,15.1,335,51
2025-11-13,19.9,13.7,0.0,12.2,335,3
2025-11-14,21.8,11.9,0.0,10.3,325,0
2025-11-15,22.9,12.8,0.0,5.8,330,0
2025-11-16,24.0,13.2,0.0,7.6,357,2
2025-11-17,16.4,4.7,2.3,28.5,347,53
2025-11-18,10.0,3.9,0.0,23.8,352,3
2025-11-19,12.7,4.7,0.0,11.2,342,3
2025-11-20,13.4,5.3,0.0,6.3,339,3
2025-11-21,18.0,5.8,0.0,10.3,333,0
2025-11-22,18.6,6.2,0.0,7.4,353,3
2025-11-23,18.3,11.1,0.0,6.9,342,3
2025-11-24,19.9,11.3,0.1,18.1,345,51
2025-11-25,16.7,7.9,0.0,17.0,351,1
2025-11-26,18.4,5.8,0.0,11.7,17,1
2025-11-27,19.0,9.9,0.0,15.0,349,0
2025-11-28,21.3,7.0,0.0,12.2,171,0
2025-11-29,22.3,8.3,0.0,10.0,161,0
2025-11-30,23.3,9.5,0.0,10.6,139,0
2025-12-01,20.2,10.1,0.0,13.4,325,3
2025-12-02,15.1,9.9,0.0,18.3,331,3
2025-12-03,16.2,9.6,0.0,18.0,357,3
2025-12-04,13.0,7.9,0.5,10.7,348,51
2025-12-05,14.5,8.1,0.1,10.9,324,51
2025-12-06,17.3,6.2,0.0,8.3,157,0
2025-12-07,18.3,8.4,0.0,12.0,346,3
2025-12-08,17.7,8.5,0.0,11.9,326,1
2025-12-09,18.8,7.7,0.0,9.3,328,3
2025-12-10,21.2,8.9,0.0,6.1,143,1
2025-12-11,21.7,10.4,0.0,9.7,332,1
2025-12-12,16.1,6.8,7.5,22.0,334,55
2025-12-13,10.6,4.3,4.0,22.1,349,61
2025-12-14,12.9,3.7,0.0,9.8,330,3
2025-12-15,15.9,4.8,0.0,10.4,149,3
2025-12-16,19.3,8.7,0.0,10.1,136,3
2025-12-17,16.4,10.5,0.0,16.0,329,3
2025-12-18,18.2,6.9,0.0,10.2,193,1
2025-12-19,24.3,11.6,0.0,11.2,174,2
2025-12-20,20.0,11.4,0.5,22.6,339,51
2025-12-21,11.9,7.8,1.7,19.5,342,53
2025-12-22,18.3,8.6,0.8,9.4,112,51
2025-12-23,12.0,8.0,7.2,16.0,343,55
2025-12-24,7.9,7.1,11.5,16.5,342,55
2025-12-25,11.3,4.8,0.0,14.9,355,3
2025-12-26,10.6,2.2,0.0,4.8,54,0
2025-12-27,13.5,2.8,0.0,6.8,102,3
2025-12-28,16.2,4.3,0.0,6.6,142,0
2025-12-29,16.6,6.1,0.0,11.6,337,3
2025-12-30,15.9,9.4,0.0,12.5,325,3
2025-12-31,14.7,5.5,10.3,22.8,326,63
2026-01-01,6.1,3.7,0.5,21.1,345,51
2026-01-02,7.3,1.1,0.0,13.4,354,3
2026-01-03,6.4,1.9,1.2,7.5,20,51
2026-01-04,6.5,4.4,4.5,10.3,336,53
2026-01-05,9.5,3.1,0.0,12.9,349,3
2026-01-06,11.2,2.8,0.0,11.3,337,1
2026-01-07,13.1,0.7,0.0,6.8,14,2
2026-01-08,14.2,2.7,0.0,7.1,334,3
2026-01-09,15.7,2.7,0.0,9.3,161,0
2026-01-10,16.6,4.3,0.0,13.3,339,1
2026-01-11,15.4,2.8,0.0,12.7,54,3
2026-01-12,14.2,7.7,0.0,10.9,153,3
2026-01-13,19.0,5.0,0.0,9.1,154,0
2026-01-14,21.2,8.1,0.0,9.7,152,3
2026-01-15,20.7,10.5,0.0,10.6,320,3
2026-01-16,19.8,13.3,3.0,8.8,105,55
2026-01-17,15.5,10.1,0.8,14.2,326,53
2026-01-18,18.7,7.8,0.0,20.8,340,3
2026-01-19,7.8,1.5,4.9,21.4,342,53
2026-01-20,1.3,-1.6,7.8,21.2,347,73
2026-01-21,-0.7,-2.1,0.9,16.6,347,71
2026-01-22,3.4,-1.4,0.0,12.2,333,3
2026-01-23,8.0,-1.9,0.0,6.9,165,3
2026-01-24,12.4,0.4,0.0,8.5,141,3
2026-01-25,13.2,7.2,1.0,14.0,6,51
2026-01-26,7.0,4.2,3.8,18.7,337,53
2026-01-27,7.8,4.0,0.0,12.0,340,3
2026-01-28,9.7,2.0,0.0,9.0,347,3
2026-01-29,10.1,5.0,1.0,15.6,30,53
2026-01-30,5.7,3.2,5.7,19.3,342,53
2026-01-31,7.1,3.0,2.1,14.1,348,73
2026-02-01,8.7,2.2,0.0,9.3,336,3
2026-02-02,13.9,3.2,0.0,11.0,347,3
2026-02-03,14.3,7.6,0.0,6.7,90,3
2026-02-04,13.6,8.3,0.0,7.9,346,3
2026-02-05,12.3,8.6,0.0,13.7,327,3
2026-02-06,10.9,7.7,5.8,18.4,336,61
2026-02-07,9.1,5.5,0.0,17.0,358,3
2026-02-08,10.1,2.0,0.0,13.0,8,3
2026-02-09,4.7,1.7,11.0,9.0,103,75
2026-02-10,8.5,2.9,1.5,9.3,338,51
2026-02-11,12.7,3.4,0.0,6.6,345,3
2026-02-12,10.9,5.3,0.5,6.8,143,51
2026-02-13,14.4,7.3,0.1,8.7,151,51
2026-02-14,22.3,8.9,0.0,10.3,148,3
2026-02-15,24.7,7.4,36.2,25.8,7,65
2026-02-16,7.2,3.7,19.4,24.3,346,63
2026-02-17,7.6,3.3,0.0,14.3,340,3
2026-02-18,13.2,2.8,0.0,8.5,345,3
2026-02-19,12.8,7.7,2.2,10.8,235,53
2026-02-20,17.7,5.5,0.0,12.8,168,3
2026-02-21,23.5,8.8,0.0,13.8,171,0
2026-02-22,24.1,11.4,0.0,7.5,87,2
2026-02-23,19.4,12.8,8.7,21.0,60,61
2026-02-24,11.7,7.6,7.7,21.1,339,61
2026-02-25,15.7,7.8,8.2,8.6,265,63
2026-02-26,12.5,9.9,12.1,17.2,340,61
2026-02-27,13.6,9.0,4.0,13.0,342,61
2026-02-28,13.2,9.5,10.6,11.0,338,63
2026-03-01,12.6,8.5,20.5,17.5,330,63
2026-03-02,9.0,6.8,3.7,20.5,347,61
2026-03-03,10.6,6.8,1.1,15.4,341,53
2026-03-04,13.2,7.0,0.6,11.1,323,53
2026-03-05,16.7,10.3,0.0,15.8,339,3
2026-03-06,16.7,7.6,0.1,12.5,350,51
2026-03-07,17.1,7.9,2.1,15.8,335,53
2026-03-08,12.7,8.9,11.7,13.8,331,61
2026-03-09,11.4,8.7,7.8,16.0,333,55
2026-03-10,17.8,6.5,0.0,11.8,214,2
2026-03-11,21.6,8.0,0.0,10.4,167,3
2026-03-12,22.5,10.8,0.0,13.9,358,3
2026-03-13,22.4,10.2,0.0,12.2,110,3
2026-03-14,25.7,12.0,0.0,12.5,124,3
2026-03-15,17.1,9.9,15.2,20.1,337,63
2026-03-16,10.5,9.2,8.0,13.4,327,61
2026-03-17,12.8,9.2,2.5,13.9,332,53
2026-03-18,13.2,10.1,5.0,16.9,339,63
2026-03-19,14.3,8.8,0.7,6.8,20,51
2026-03-20,13.8,11.0,12.0,14.0,340,61
2026-03-21,17.2,11.1,1.1,7.8,183,55
2026-03-22,17.3,13.1,5.6,5.8,342,61
2026-03-23,17.1,13.7,32.4,10.8,333,65
2026-03-24,18.7,14.1,16.1,15.1,329,63
2026-03-25,20.3,11.0,10.3,7.3,355,63
2026-03-26,18.3,14.1,19.5,14.3,333,63
2026-03-27,20.3,13.0,0.7,11.5,335,51
2026-03-28,19.2,15.2,7.2,7.8,349,63
2026-03-29,20.7,13.9,1.3,9.0,134,51
2026-03-30,19.6,15.2,20.6,18.7,332,65
2026-03-31,17.2,13.5,14.5,20.7,341,63
2026-04-01,22.6,10.9,0.0,10.4,142,3
2026-04-02,17.4,15.0,28.9,12.6,110,63
2026-04-03,18.2,14.7,29.0,14.5,339,65
2026-04-04,25.3,12.7,0.0,10.5,149,3
2026-04-05,26.8,16.4,3.4,10.1,128,61
2026-04-06,20.5,18.1,12.2,13.3,2,61
2026-04-07,24.5,17.9,3.3,9.4,350,53
2026-04-08,30.0,19.7,0.2,26.8,164,51
2026-04-09,32.3,21.1,27.8,28.3,201,65
2026-04-10,27.3,20.2,19.5,12.3,92,65
2026-04-11,23.8,19.9,23.0,12.9,341,63
2026-04-12,21.8,18.2,0.7,13.5,335,51
2026-04-13,23.1,16.8,8.1,14.6,344,63
2026-04-14,20.5,16.1,7.0,13.3,334,61
2026-04-15,20.4,15.6,7.2,7.8,341,63
2026-04-16,22.4,17.3,28.4,14.0,333,65
2026-04-17,25.6,17.7,0.9,10.6,340,53
2026-04-18,26.9,16.8,0.1,5.6,262,51
2026-04-19,29.4,18.5,0.0,9.7,156,3
2026-04-20,22.6,14.5,26.1,20.6,345,63
2026-04-21,16.4,13.6,10.2,16.2,326,61
2026-04-22,15.9,11.8,12.6,17.9,335,63
2026-04-23,19.6,11.8,0.0,13.3,334,3
2026-04-24,22.3,13.1,0.0,6.8,326,3
2026-04-25,26.3,13.7,0.0,9.6,163,0
2026-04-26,29.5,16.6,0.0,11.0,167,3
2026-04-27,26.8,19.3,15.1,8.1,85,63
2026-04-28,20.0,14.7,42.6,18.9,345,65
2026-04-29,17.2,13.6,7.8,21.1,6,61
2026-04-30,20.9,11.2,0.0,8.0,77,3
2026-05-01,25.1,13.9,0.0,13.2,140,3
2026-05-02,27.9,16.9,14.3,21.1,228,63
2026-05-03,23.7,16.7,1.2,14.4,334,51
2026-05-04,26.1,16.5,0.0,7.6,110,3
2026-05-05,28.2,16.9,0.0,10.4,168,3
2026-05-06,29.8,19.2,0.0,16.7,162,3
2026-05-07,24.2,20.2,9.1,19.4,345,63
2026-05-08,22.1,16.8,6.5,17.3,344,61
2026-05-09,23.3,15.4,1.7,10.5,205,53
2026-05-10,26.5,17.5,0.0,10.5,177,3
2026-05-11,29.7,19.8,0.0,9.9,177,3
2026-05-12,27.9,21.7,9.3,9.5,173,61
2026-05-13,24.6,19.2,48.5,12.5,84,65
2026-05-14,27.8,20.3,1.0,9.8,346,51
2026-05-15,28.8,21.3,1.2,8.9,49,51
2026-05-16,30.1,22.8,11.1,13.8,121,63
2026-05-17,30.0,22.8,2.5,16.5,139,53
2026-05-18,30.4,24.2,11.0,18.5,171,63
2026-05-19,24.1,21.4,18.1,10.4,330,61
2026-05-20,24.1,20.4,7.5,11.5,328,63
2026-05-21,26.8,20.8,13.0,9.0,337,63
2026-05-22,30.5,22.9,22.0,15.3,163,65
2026-05-23,31.1,23.4,7.0,9.9,166,61
2026-05-24,33.5,25.4,0.7,18.0,170,51
2026-05-25,34.5,28.1,0.0,21.9,183,3
2026-05-26,31.7,25.7,4.6,14.8,335,55
2026-05-27,28.3,23.0,11.9,11.2,335,65
2026-05-28,29.4,22.9,0.3,12.4,329,51
2026-05-29,25.7,20.9,1.6,17.6,331,51
2026-05-30,25.8,20.2,5.3,14.1,314,61
2026-05-31,28.9,19.9,0.0,6.8,187,3
2026-06-01,31.1,21.8,0.0,7.9,321,1
2026-06-02,32.7,23.3,0.2,6.6,355,51
2026-06-03,32.1,24.0,30.5,10.4,300,65
2026-06-04,30.9,24.7,40.1,8.8,335,65
2026-06-05,31.6,25.2,2.4,11.9,93,55
2026-06-06,32.7,24.7,0.3,8.0,148,51
2026-06-07,31.8,22.3,4.9,18.5,12,61
2026-06-08,21.8,19.0,28.6,18.7,336,63
2026-06-09,26.0,18.9,0.0,13.1,339,3
2026-06-10,28.8,18.3,0.0,8.6,330,3
2026-06-11,30.1,21.0,0.0,8.3,14,3
2026-06-12,31.1,23.4,1.1,14.4,84,53
2026-06-13,23.4,20.7,48.3,9.6,50,65
2026-06-14,28.3,19.8,0.2,9.2,320,51
2026-06-15,31.2,21.2,0.0,10.9,351,3
2026-06-16,31.3,23.1,0.2,8.9,23,51
2026-06-17,32.7,24.6,0.0,5.5,91,3
2026-06-18,32.4,26.6,6.3,16.1,151,61
2026-06-19,29.9,24.8,38.7,17.0,191,63
2026-06-20,28.9,24.3,25.9,9.5,185,63
2026-06-21,31.4,23.9,26.2,13.4,157,63
2026-06-22,31.0,22.8,26.3,14.5,325,63
2026-06-23,25.4,21.5,5.0,13.5,329,53
2026-06-24,27.8,22.6,1.4,13.0,336,51
2026-06-25,27.8,23.6,1.5,11.5,336,53
2026-06-26,28.8,24.5,1.0,12.5,342,51
2026-06-27,31.0,23.0,0.0,9.9,338,3
2026-06-28,32.6,23.8,0.0,8.2,31,3
2026-06-29,33.1,25.7,0.2,9.7,20,51
2026-06-30,28.6,23.1,6.6,11.6,323,61
2026-07-01,26.7,22.8,14.5,7.3,6,61
2026-07-02,30.8,24.4,21.7,9.6,165,63
2026-07-03,33.3,24.8,0.5,12.2,177,51
2026-07-04,31.5,25.3,20.8,13.1,170,63
2026-07-05,30.8,25.7,10.1,15.4,172,63
2026-07-06,31.2,25.2,8.4,24.5,149,63
2026-07-07,32.5,24.6,5.1,20.5,188,61
2026-07-08,32.5,25.9,0.9,17.4,171,51
2026-07-09,33.4,25.9,1.1,13.8,171,51
2026-07-10,34.4,27.2,0.9,12.6,166,51
2026-07-11,36.1,28.1,0.3,10.3,21,51
2026-07-12,35.8,29.6,0.0,17.6,320,3
2026-07-13,39.6,28.7,0.0,9.0,231,3
2026-07-14,39.0,30.3,0.6,15.6,148,51
2026-07-15,37.2,29.5,0.0,18.8,170,3
2026-07-16,36.4,29.2,0.6,15.6,179,51
2026-07-17,37.5,29.4,0.4,15.7,192,51
2026-07-18,35.8,27.6,8.7,12.2,230,61
2026-07-19,27.7,25.4,34.3,8.3,306,63
2026-07-20,30.6,25.4,4.7,7.7,338,53
2026-07-21,30.1,25.8,14.8,13.0,162,63
2026-07-22,29.8,25.3,4.8,14.2,182,61
2026-07-23,32.9,26.0,1.0,14.6,184,51
2026-07-24,33.4,26.9,0.8,12.1,184,51
2026-07-25,35.8,27.4,0.0,9.1,147,3
2026-07-26,34.9,28.4,2.6,13.8,102,61
2026-07-27,29.6,25.4,11.1,17.7,95,61
2026-07-28,31.0,24.9,8.0,14.5,148,63
2026-07-29,32.8,26.5,0.3,16.5,163,51
2026-07-30,32.2,25.9,0.3,17.0,175,51
2026-07-31,32.8,25.6,0.0,17.9,174,3
2026-08-01,34.7,26.7,1.0,13.7,176,55
2026-08-02,35.5,26.7,1.5,14.3,158,53
2026-08-03,35.5,27.6,0.0,11.7,152,3
2026-08-04,37.6,28.4,0.4,11.3,146,51
2026-08-05,36.2,27.0,5.7,11.7,340,61
2026-08-06,33.4,25.0,1.6,11.9,335,53
2026-08-07,33.5,26.0,1.9,15.4,336,53
2026-08-08,33.7,26.5,6.5,17.0,342,63
2026-08-09,32.6,26.8,0.6,24.7,348,51
2026-08-10,30.3,25.8,1.1,29.0,339,51
2026-08-11,27.6,24.2,5.7,19.5,304,61
2026-08-12,28.7,24.5,5.9,10.4,267,61
2026-08-13,25.8,23.2,4.9,14.4,322,53
2026-08-14,26.8,22.9,1.8,16.2,328,51
2026-08-15,29.5,23.6,0.0,13.4,326,3
2026-08-16,30.9,23.8,0.3,8.0,325,51
2026-08-17,32.2,24.8,1.4,9.5,349,51
2026-08-18,33.9,26.0,8.3,12.4,347,63
2026-08-19,33.6,26.3,4.0,12.2,346,61
2026-08-20,35.5,27.0,2.2,15.3,348,61
2026-08-21,33.5,27.1,6.4,14.8,348,61
2026-08-22,34.0,27.4,6.0,16.6,345,61
2026-08-23,33.2,27.2,8.4,15.7,349,61
2026-08-24,31.0,26.4,14.3,11.9,359,61
2026-08-25,33.4,26.2,2.4,10.2,15,55
2026-08-26,31.4,25.5,9.0,7.3,23,63
2026-08-27,34.3,26.8,1.4,6.6,53,53
2026-08-28,35.2,27.0,0.0,16.4,353,3
2026-08-29,29.2,25.3,25.9,25.0,346,65
2026-08-30,31.5,25.1,20.2,16.9,0,63
2026-08-31,26.4,23.4,12.1,19.8,358,61
2026-09-01,25.2,21.1,11.5,22.5,339,63
2026-09-02,25.6,21.7,2.8,17.9,338,53
2026-09-03,23.7,20.2,14.4,19.3,337,61
2026-09-04,26.4,21.9,12.5,17.6,347,61
2026-09-05,26.9,21.9,0.0,14.8,328,3
2026-09-06,29.6,21.3,0.0,11.8,328,1
2026-09-07,30.5,21.1,0.0,7.8,324,1
2026-09-08,31.1,22.3,0.0,11.2,349,3
2026-09-09,31.0,21.0,0.2,23.2,16,51
2026-09-10,24.6,19.2,0.0,19.4,342,3
2026-09-11,25.9,19.2,0.0,15.3,334,3
2026-09-12,29.0,20.1,0.0,12.6,326,3
2026-09-13,31.0,21.5,0.0,13.6,328,0
2026-09-14,31.6,22.7,0.0,17.7,337,3
2026-09-15,31.4,23.3,0.5,12.3,330,51
2026-09-16,32.1,22.5,0.5,12.2,323,53
2026-09-17,28.4,21.2,2.3,15.4,332,61
2026-09-18,24.8,20.8,0.3,12.5,339,51
2026-09-19,27.1,21.7,0.0,10.9,328,3
2026-09-20,28.9,23.6,0.1,8.7,330,51
2026-09-21,30.9,22.8,0.0,12.1,337,3
2026-09-22,27.4,21.9,0.3,15.1,337,51
2026-09-23,27.4,21.3,0.0,10.7,330,3
2026-09-24,31.8,21.6,0.0,6.6,184,3
2026-09-25,34.1,24.7,0.0,10.2,170,3
2026-09-26,32.3,26.3,0.8,9.8,295,51
2026-09-27,32.4,24.1,0.4,8.4,317,51
2026-09-28,31.9,24.6,1.1,13.3,327,53
2026-09-29,27.3,22.4,0.0,13.1,331,3
2026-09-30,26.6,21.9,2.0,12.9,338,61
2026-10-01,23.5,15.6,23.6,22.8,340,65
2026-10-02,16.5,14.2,3.3,14.7,331,53
2026-10-03,18.0,16.2,36.9,12.2,319,63
2026-10-04,19.9,16.7,8.4,17.1,342,61
